image_id,label,
200669.jpg,blast,200
202398.jpg,hispa,
200596.jpg,tungro,
202457.jpg,hispa,
200629.jpg,tungro,
203379.jpg,dead_heart,
200986.jpg,normal,
201251.jpg,dead_heart,
201151.jpg,dead_heart,
201241.jpg,tungro,
202671.jpg,hispa,
200865.jpg,tungro,
201064.jpg,normal,
201540.jpg,normal,
202081.jpg,dead_heart,
201553.jpg,blast,
203325.jpg,normal,
200537.jpg,normal,
202684.jpg,normal,
203100.jpg,normal,
202861.jpg,bacterial_panicle_blight,
200069.jpg,dead_heart,
203285.jpg,tungro,
203410.jpg,downy_mildew,
200857.jpg,blast,
202763.jpg,blast,
202754.jpg,bacterial_leaf_blight,
202571.jpg,dead_heart,
202441.jpg,hispa,
200523.jpg,hispa,
202639.jpg,normal,
200949.jpg,blast,
202537.jpg,tungro,
201501.jpg,bacterial_leaf_blight,
203188.jpg,tungro,
200489.jpg,normal,
203331.jpg,downy_mildew,
200965.jpg,tungro,
202282.jpg,normal,
202383.jpg,hispa,
200219.jpg,blast,
200315.jpg,blast,
200634.jpg,downy_mildew,
200456.jpg,normal,
202923.jpg,hispa,
203191.jpg,dead_heart,
202181.jpg,normal,
203312.jpg,normal,
201393.jpg,blast,
203246.jpg,tungro,
200051.jpg,hispa,
201617.jpg,tungro,
202025.jpg,dead_heart,
202187.jpg,blast,
202674.jpg,dead_heart,
203012.jpg,blast,
202205.jpg,normal,
200813.jpg,normal,
202708.jpg,dead_heart,
200608.jpg,normal,
203310.jpg,dead_heart,
200761.jpg,downy_mildew,
203245.jpg,hispa,
201446.jpg,hispa,
201858.jpg,normal,
201054.jpg,tungro,
200141.jpg,dead_heart,
201950.jpg,bacterial_panicle_blight,
202758.jpg,blast,
200249.jpg,blast,
201003.jpg,tungro,
200091.jpg,normal,
200463.jpg,blast,
200784.jpg,blast,
202693.jpg,dead_heart,
200211.jpg,blast,
200824.jpg,dead_heart,
201907.jpg,tungro,
201006.jpg,normal,
200649.jpg,hispa,
202768.jpg,hispa,
201977.jpg,hispa,
201584.jpg,tungro,
200585.jpg,blast,
201474.jpg,hispa,
201798.jpg,normal,
202919.jpg,brown_spot,
202169.jpg,tungro,
201481.jpg,hispa,
200892.jpg,normal,
202934.jpg,brown_spot,
202981.jpg,dead_heart,
202865.jpg,hispa,
200502.jpg,normal,
201739.jpg,dead_heart,
201986.jpg,bacterial_leaf_streak,
200061.jpg,dead_heart,
202711.jpg,dead_heart,
200349.jpg,tungro,
202951.jpg,dead_heart,
200861.jpg,blast,
202294.jpg,downy_mildew,
202455.jpg,normal,
202997.jpg,blast,
201733.jpg,hispa,
201898.jpg,normal,
200747.jpg,brown_spot,
201507.jpg,blast,
200378.jpg,dead_heart,
202502.jpg,brown_spot,
202724.jpg,dead_heart,
203224.jpg,blast,
201625.jpg,dead_heart,
201044.jpg,normal,
201579.jpg,brown_spot,
200439.jpg,tungro,
200435.jpg,hispa,
202506.jpg,normal,
200893.jpg,normal,
203047.jpg,normal,
202545.jpg,normal,
201280.jpg,downy_mildew,
202939.jpg,blast,
201166.jpg,blast,
202193.jpg,normal,
200497.jpg,normal,
201568.jpg,normal,
200101.jpg,hispa,
201167.jpg,blast,
201032.jpg,downy_mildew,
202362.jpg,bacterial_leaf_streak,
202443.jpg,bacterial_leaf_blight,
202442.jpg,tungro,
203102.jpg,blast,
201242.jpg,normal,
202985.jpg,bacterial_leaf_streak,
202261.jpg,normal,
201992.jpg,normal,
202646.jpg,tungro,
203439.jpg,brown_spot,
202412.jpg,blast,
201078.jpg,downy_mildew,
201263.jpg,tungro,
200736.jpg,hispa,
200635.jpg,normal,
202681.jpg,normal,
200768.jpg,dead_heart,
200904.jpg,bacterial_panicle_blight,
200201.jpg,tungro,
203119.jpg,dead_heart,
200692.jpg,dead_heart,
200997.jpg,dead_heart,
202190.jpg,normal,
201126.jpg,blast,
202884.jpg,dead_heart,
202747.jpg,normal,
202023.jpg,normal,
200599.jpg,tungro,
201578.jpg,hispa,
202421.jpg,hispa,
201011.jpg,tungro,
200297.jpg,hispa,
200293.jpg,normal,
200035.jpg,dead_heart,
202009.jpg,hispa,
201010.jpg,blast,
200935.jpg,blast,
203137.jpg,bacterial_panicle_blight,
200181.jpg,bacterial_leaf_streak,
202396.jpg,hispa,
200610.jpg,dead_heart,
200993.jpg,tungro,
201746.jpg,hispa,
201206.jpg,normal,
201353.jpg,blast,
200919.jpg,dead_heart,
201743.jpg,bacterial_leaf_streak,
200828.jpg,normal,
202079.jpg,downy_mildew,
201770.jpg,downy_mildew,
202317.jpg,dead_heart,
201866.jpg,dead_heart,
200357.jpg,bacterial_leaf_streak,
201200.jpg,hispa,
201889.jpg,hispa,
201940.jpg,blast,
202554.jpg,blast,
203196.jpg,blast,
200786.jpg,hispa,
201691.jpg,normal,
200358.jpg,hispa,
202483.jpg,tungro,
203051.jpg,hispa,
202692.jpg,normal,
200265.jpg,normal,
201993.jpg,normal,
200496.jpg,dead_heart,
201098.jpg,hispa,
200513.jpg,normal,
200356.jpg,blast,
201957.jpg,blast,
203230.jpg,tungro,
200309.jpg,bacterial_panicle_blight,
202982.jpg,tungro,
201122.jpg,normal,
200483.jpg,dead_heart,
202941.jpg,brown_spot,
201380.jpg,normal,
202195.jpg,dead_heart,
200994.jpg,hispa,
202471.jpg,brown_spot,
200742.jpg,dead_heart,
201440.jpg,tungro,
202975.jpg,normal,
201450.jpg,normal,
200807.jpg,blast,
203258.jpg,dead_heart,
200247.jpg,blast,
200325.jpg,hispa,
200776.jpg,dead_heart,
200261.jpg,tungro,
201758.jpg,tungro,
202769.jpg,hispa,
200531.jpg,hispa,
201137.jpg,brown_spot,
200600.jpg,normal,
201059.jpg,bacterial_leaf_blight,
203448.jpg,brown_spot,
200492.jpg,tungro,
202793.jpg,normal,
200628.jpg,blast,
201265.jpg,bacterial_leaf_blight,
201528.jpg,normal,
202880.jpg,dead_heart,
203294.jpg,dead_heart,
202527.jpg,dead_heart,
201564.jpg,brown_spot,
200286.jpg,tungro,
201009.jpg,brown_spot,
200206.jpg,normal,
203297.jpg,downy_mildew,
201040.jpg,normal,
201759.jpg,tungro,
203455.jpg,hispa,
200630.jpg,brown_spot,
202035.jpg,tungro,
202064.jpg,tungro,
202719.jpg,blast,
201780.jpg,hispa,
200603.jpg,dead_heart,
201271.jpg,blast,
201651.jpg,dead_heart,
201636.jpg,blast,
203032.jpg,hispa,
203250.jpg,tungro,
200327.jpg,bacterial_leaf_streak,
202252.jpg,bacterial_leaf_blight,
201043.jpg,blast,
203274.jpg,hispa,
202717.jpg,blast,
203215.jpg,bacterial_panicle_blight,
201772.jpg,tungro,
200506.jpg,bacterial_panicle_blight,
201607.jpg,blast,
201835.jpg,blast,
201698.jpg,dead_heart,
200899.jpg,dead_heart,
201243.jpg,normal,
200189.jpg,dead_heart,
200108.jpg,tungro,
200923.jpg,normal,
200331.jpg,dead_heart,
201156.jpg,downy_mildew,
203426.jpg,normal,
201076.jpg,tungro,
202250.jpg,hispa,
201751.jpg,normal,
200706.jpg,dead_heart,
200815.jpg,dead_heart,
202655.jpg,downy_mildew,
202783.jpg,hispa,
202239.jpg,normal,
201425.jpg,tungro,
200214.jpg,brown_spot,
202837.jpg,hispa,
202957.jpg,normal,
202945.jpg,normal,
200890.jpg,blast,
200011.jpg,dead_heart,
201150.jpg,hispa,
201053.jpg,blast,
202040.jpg,normal,
202036.jpg,tungro,
200870.jpg,normal,
203313.jpg,normal,
202156.jpg,blast,
201244.jpg,normal,
202028.jpg,dead_heart,
201225.jpg,tungro,
201317.jpg,bacterial_leaf_streak,
202762.jpg,blast,
200484.jpg,tungro,
200407.jpg,hispa,
201615.jpg,hispa,
202301.jpg,hispa,
200555.jpg,hispa,
203397.jpg,tungro,
202486.jpg,normal,
202984.jpg,blast,
200897.jpg,normal,
200790.jpg,normal,
203185.jpg,brown_spot,
201492.jpg,downy_mildew,
201379.jpg,normal,
202286.jpg,dead_heart,
203098.jpg,tungro,
200557.jpg,hispa,
200792.jpg,dead_heart,
202743.jpg,normal,
200594.jpg,dead_heart,
201374.jpg,blast,
202107.jpg,brown_spot,
201274.jpg,bacterial_leaf_streak,
203403.jpg,tungro,
201289.jpg,hispa,
201601.jpg,bacterial_leaf_blight,
202930.jpg,dead_heart,
200684.jpg,normal,
201941.jpg,normal,
202806.jpg,normal,
201880.jpg,normal,
201320.jpg,downy_mildew,
201756.jpg,hispa,
201333.jpg,hispa,
203000.jpg,blast,
200146.jpg,normal,
200299.jpg,normal,
201149.jpg,tungro,
201588.jpg,blast,
201724.jpg,downy_mildew,
202892.jpg,hispa,
201512.jpg,downy_mildew,
200755.jpg,brown_spot,
200217.jpg,dead_heart,
203086.jpg,hispa,
203046.jpg,tungro,
200100.jpg,tungro,
203096.jpg,blast,
200455.jpg,hispa,
200677.jpg,normal,
202096.jpg,brown_spot,
202270.jpg,normal,
200394.jpg,tungro,
200347.jpg,normal,
203078.jpg,blast,
203341.jpg,dead_heart,
200998.jpg,hispa,
202522.jpg,hispa,
202410.jpg,tungro,
202958.jpg,normal,
200257.jpg,blast,
200134.jpg,normal,
200693.jpg,blast,
203002.jpg,normal,
203009.jpg,downy_mildew,
202406.jpg,blast,
203437.jpg,hispa,
201563.jpg,blast,
202000.jpg,hispa,
202659.jpg,normal,
202859.jpg,normal,
201154.jpg,dead_heart,
203393.jpg,brown_spot,
200388.jpg,blast,
200381.jpg,normal,
200163.jpg,hispa,
201682.jpg,blast,
202937.jpg,dead_heart,
203423.jpg,tungro,
201909.jpg,normal,
201857.jpg,tungro,
202667.jpg,dead_heart,
201529.jpg,hispa,
202247.jpg,tungro,
201606.jpg,hispa,
201035.jpg,tungro,
201107.jpg,bacterial_leaf_streak,
202176.jpg,blast,
202790.jpg,tungro,
200806.jpg,tungro,
201917.jpg,tungro,
203135.jpg,dead_heart,
201142.jpg,blast,
203033.jpg,hispa,
200080.jpg,blast,
200526.jpg,hispa,
202963.jpg,dead_heart,
202589.jpg,downy_mildew,
200033.jpg,normal,
202868.jpg,bacterial_leaf_blight,
202625.jpg,blast,
202053.jpg,hispa,
201613.jpg,blast,
200823.jpg,blast,
201198.jpg,tungro,
200769.jpg,normal,
200644.jpg,hispa,
201424.jpg,hispa,
201931.jpg,tungro,
201836.jpg,dead_heart,
200905.jpg,hispa,
200624.jpg,hispa,
201410.jpg,blast,
200204.jpg,downy_mildew,
201749.jpg,normal,
200570.jpg,dead_heart,
201470.jpg,dead_heart,
202672.jpg,blast,
200833.jpg,blast,
202751.jpg,tungro,
200588.jpg,hispa,
201719.jpg,dead_heart,
201361.jpg,normal,
201973.jpg,hispa,
201407.jpg,brown_spot,
201905.jpg,tungro,
201709.jpg,downy_mildew,
200626.jpg,normal,
200683.jpg,tungro,
200762.jpg,blast,
200406.jpg,blast,
201714.jpg,brown_spot,
201926.jpg,blast,
200428.jpg,downy_mildew,
201987.jpg,dead_heart,
202801.jpg,normal,
201891.jpg,hispa,
201660.jpg,hispa,
202778.jpg,hispa,
202062.jpg,blast,
200099.jpg,dead_heart,
202277.jpg,dead_heart,
200041.jpg,blast,
200092.jpg,hispa,
201497.jpg,brown_spot,
202085.jpg,normal,
202370.jpg,normal,
203339.jpg,hispa,
202668.jpg,bacterial_leaf_streak,
200918.jpg,tungro,
202954.jpg,tungro,
200780.jpg,blast,
202785.jpg,hispa,
202361.jpg,blast,
203020.jpg,bacterial_leaf_blight,
200480.jpg,dead_heart,
201000.jpg,tungro,
202651.jpg,dead_heart,
202745.jpg,blast,
200003.jpg,normal,
202129.jpg,hispa,
201382.jpg,tungro,
201938.jpg,hispa,
201288.jpg,normal,
202353.jpg,hispa,
201099.jpg,brown_spot,
201831.jpg,dead_heart,
202310.jpg,blast,
200749.jpg,blast,
201650.jpg,hispa,
203151.jpg,normal,
203150.jpg,normal,
202263.jpg,dead_heart,
200832.jpg,hispa,
201463.jpg,tungro,
201846.jpg,normal,
202357.jpg,normal,
201216.jpg,blast,
203167.jpg,normal,
201179.jpg,tungro,
201775.jpg,bacterial_panicle_blight,
202459.jpg,blast,
200592.jpg,normal,
202155.jpg,dead_heart,
202640.jpg,bacterial_leaf_blight,
200409.jpg,bacterial_leaf_blight,
203048.jpg,downy_mildew,
201037.jpg,normal,
200478.jpg,blast,
200922.jpg,tungro,
202001.jpg,tungro,
202007.jpg,normal,
202484.jpg,downy_mildew,
202377.jpg,downy_mildew,
201443.jpg,bacterial_leaf_blight,
201654.jpg,blast,
202422.jpg,blast,
201818.jpg,blast,
201754.jpg,dead_heart,
201882.jpg,blast,
202426.jpg,bacterial_panicle_blight,
203330.jpg,hispa,
202072.jpg,brown_spot,
202802.jpg,hispa,
200980.jpg,blast,
200639.jpg,blast,
201779.jpg,bacterial_panicle_blight,
201499.jpg,normal,
200098.jpg,tungro,
200863.jpg,dead_heart,
203061.jpg,blast,
202427.jpg,tungro,
200571.jpg,dead_heart,
202833.jpg,brown_spot,
201487.jpg,tungro,
202658.jpg,tungro,
202720.jpg,hispa,
201430.jpg,brown_spot,
200561.jpg,dead_heart,
200967.jpg,bacterial_leaf_streak,
201388.jpg,hispa,
202198.jpg,blast,
202387.jpg,normal,
201428.jpg,normal,
201401.jpg,bacterial_panicle_blight,
202411.jpg,blast,
200401.jpg,blast,
200097.jpg,tungro,
203240.jpg,dead_heart,
200775.jpg,hispa,
203390.jpg,normal,
202165.jpg,tungro,
200345.jpg,blast,
201648.jpg,tungro,
202245.jpg,bacterial_leaf_streak,
202159.jpg,tungro,
202773.jpg,normal,
202761.jpg,blast,
201597.jpg,normal,
200055.jpg,hispa,
202473.jpg,normal,
202846.jpg,blast,
202825.jpg,normal,
200094.jpg,normal,
200273.jpg,normal,
202955.jpg,hispa,
201396.jpg,hispa,
202418.jpg,dead_heart,
203296.jpg,dead_heart,
200471.jpg,normal,
202799.jpg,brown_spot,
200758.jpg,bacterial_panicle_blight,
203389.jpg,hispa,
203131.jpg,bacterial_leaf_streak,
202329.jpg,normal,
200996.jpg,hispa,
202715.jpg,normal,
201034.jpg,hispa,
201306.jpg,tungro,
200732.jpg,normal,
203256.jpg,tungro,
200209.jpg,hispa,
201998.jpg,brown_spot,
203383.jpg,dead_heart,
200690.jpg,brown_spot,
200125.jpg,blast,
200482.jpg,blast,
202251.jpg,brown_spot,
200663.jpg,normal,
203247.jpg,blast,
201331.jpg,dead_heart,
203217.jpg,blast,
202445.jpg,normal,
201811.jpg,brown_spot,
200851.jpg,normal,
203441.jpg,tungro,
202523.jpg,tungro,
201103.jpg,blast,
202949.jpg,brown_spot,
202272.jpg,brown_spot,
202701.jpg,hispa,
202437.jpg,tungro,
202575.jpg,brown_spot,
203368.jpg,normal,
201253.jpg,dead_heart,
201160.jpg,hispa,
203206.jpg,blast,
201282.jpg,dead_heart,
201315.jpg,brown_spot,
202632.jpg,dead_heart,
202225.jpg,blast,
202182.jpg,blast,
201259.jpg,normal,
201699.jpg,tungro,
202219.jpg,normal,
201102.jpg,dead_heart,
202811.jpg,bacterial_panicle_blight,
202929.jpg,normal,
203253.jpg,hispa,
200271.jpg,tungro,
202973.jpg,downy_mildew,
202994.jpg,blast,
202497.jpg,downy_mildew,
200287.jpg,bacterial_leaf_streak,
201050.jpg,normal,
203450.jpg,hispa,
202334.jpg,tungro,
201192.jpg,brown_spot,
202612.jpg,tungro,
202039.jpg,normal,
203156.jpg,brown_spot,
201934.jpg,normal,
200625.jpg,hispa,
202511.jpg,downy_mildew,
201004.jpg,normal,
202990.jpg,hispa,
202379.jpg,brown_spot,
202508.jpg,downy_mildew,
202779.jpg,dead_heart,
201634.jpg,dead_heart,
202070.jpg,normal,
202358.jpg,tungro,
201376.jpg,tungro,
202408.jpg,dead_heart,
200305.jpg,dead_heart,
201480.jpg,blast,
202863.jpg,tungro,
200741.jpg,dead_heart,
203283.jpg,normal,
202858.jpg,tungro,
202607.jpg,normal,
203344.jpg,hispa,
203249.jpg,normal,
201326.jpg,downy_mildew,
200024.jpg,dead_heart,
203469.jpg,dead_heart,
202964.jpg,normal,
201116.jpg,brown_spot,
200255.jpg,blast,
202121.jpg,hispa,
201916.jpg,brown_spot,
202992.jpg,dead_heart,
200220.jpg,tungro,
201695.jpg,tungro,
202890.jpg,normal,
201825.jpg,blast,
202120.jpg,blast,
200158.jpg,tungro,
201932.jpg,brown_spot,
202413.jpg,blast,
200844.jpg,normal,
201120.jpg,blast,
201900.jpg,dead_heart,
200105.jpg,normal,
203374.jpg,normal,
201503.jpg,blast,
203376.jpg,hispa,
201277.jpg,dead_heart,
201129.jpg,blast,
200519.jpg,brown_spot,
202434.jpg,downy_mildew,
203336.jpg,normal,
201946.jpg,tungro,
200421.jpg,bacterial_leaf_streak,
202213.jpg,downy_mildew,
200213.jpg,normal,
200296.jpg,normal,
201287.jpg,brown_spot,
201769.jpg,dead_heart,
200891.jpg,hispa,
200375.jpg,blast,
202591.jpg,normal,
202104.jpg,normal,
201978.jpg,dead_heart,
201394.jpg,dead_heart,
202008.jpg,normal,
200481.jpg,normal,
200043.jpg,blast,
200995.jpg,hispa,
202017.jpg,blast,
201967.jpg,tungro,
201728.jpg,blast,
202623.jpg,brown_spot,
201091.jpg,normal,
202503.jpg,tungro,
200895.jpg,dead_heart,
200118.jpg,dead_heart,
201853.jpg,hispa,
200328.jpg,hispa,
201335.jpg,blast,
202731.jpg,dead_heart,
202940.jpg,dead_heart,
202630.jpg,downy_mildew,
201055.jpg,hispa,
202576.jpg,dead_heart,
202341.jpg,bacterial_leaf_streak,
203187.jpg,normal,
201789.jpg,blast,
202015.jpg,normal,
200351.jpg,blast,
202016.jpg,dead_heart,
202237.jpg,blast,
200427.jpg,brown_spot,
202691.jpg,tungro,
200291.jpg,brown_spot,
200627.jpg,blast,
201240.jpg,hispa,
202931.jpg,hispa,
202883.jpg,bacterial_panicle_blight,
203084.jpg,tungro,
200872.jpg,bacterial_leaf_blight,
202609.jpg,hispa,
203017.jpg,dead_heart,
200014.jpg,dead_heart,
201969.jpg,tungro,
202750.jpg,blast,
203302.jpg,tungro,
201202.jpg,normal,
200753.jpg,blast,
202325.jpg,blast,
201171.jpg,tungro,
202565.jpg,tungro,
200679.jpg,blast,
200842.jpg,dead_heart,
201350.jpg,tungro,
202864.jpg,tungro,
203165.jpg,dead_heart,
200590.jpg,brown_spot,
200738.jpg,dead_heart,
202476.jpg,dead_heart,
200988.jpg,brown_spot,
201402.jpg,normal,
200140.jpg,tungro,
202122.jpg,downy_mildew,
201052.jpg,brown_spot,
200384.jpg,dead_heart,
200550.jpg,normal,
203319.jpg,hispa,
201693.jpg,dead_heart,
200447.jpg,normal,
200717.jpg,tungro,
201849.jpg,bacterial_leaf_streak,
200850.jpg,hispa,
202603.jpg,downy_mildew,
201575.jpg,brown_spot,
200933.jpg,dead_heart,
201310.jpg,tungro,
200037.jpg,brown_spot,
201971.jpg,blast,
203303.jpg,dead_heart,
203016.jpg,brown_spot,
203132.jpg,tungro,
201744.jpg,brown_spot,
203320.jpg,hispa,
202157.jpg,blast,
201093.jpg,downy_mildew,
200959.jpg,tungro,
200130.jpg,downy_mildew,
201451.jpg,dead_heart,
200527.jpg,bacterial_panicle_blight,
202645.jpg,normal,
202781.jpg,dead_heart,
201972.jpg,downy_mildew,
201355.jpg,bacterial_leaf_blight,
200565.jpg,tungro,
200499.jpg,dead_heart,
202163.jpg,tungro,
200228.jpg,blast,
201557.jpg,dead_heart,
200711.jpg,normal,
202618.jpg,tungro,
202488.jpg,normal,
201788.jpg,blast,
202510.jpg,blast,
201518.jpg,hispa,
202472.jpg,normal,
201792.jpg,normal,
200236.jpg,dead_heart,
202638.jpg,dead_heart,
200191.jpg,blast,
203362.jpg,normal,
201146.jpg,tungro,
200869.jpg,blast,
200398.jpg,blast,
200252.jpg,brown_spot,
203442.jpg,bacterial_panicle_blight,
200903.jpg,tungro,
201665.jpg,normal,
201024.jpg,blast,
200461.jpg,brown_spot,
201248.jpg,dead_heart,
200151.jpg,hispa,
200431.jpg,downy_mildew,
200445.jpg,dead_heart,
200007.jpg,dead_heart,
201065.jpg,tungro,
202438.jpg,hispa,
200739.jpg,downy_mildew,
203152.jpg,dead_heart,
201433.jpg,dead_heart,
202675.jpg,dead_heart,
200798.jpg,bacterial_leaf_blight,
201683.jpg,normal,
200584.jpg,dead_heart,
201574.jpg,bacterial_leaf_streak,
201585.jpg,dead_heart,
201194.jpg,normal,
202915.jpg,dead_heart,
203056.jpg,downy_mildew,
202673.jpg,blast,
202305.jpg,blast,
201732.jpg,blast,
203072.jpg,tungro,
203106.jpg,downy_mildew,
200319.jpg,normal,
202243.jpg,normal,
200073.jpg,downy_mildew,
201536.jpg,blast,
201482.jpg,tungro,
200979.jpg,normal,
201461.jpg,dead_heart,
202965.jpg,normal,
203468.jpg,blast,
201261.jpg,hispa,
200361.jpg,brown_spot,
201236.jpg,tungro,
200665.jpg,blast,
203204.jpg,normal,
202051.jpg,hispa,
200095.jpg,blast,
201468.jpg,brown_spot,
200917.jpg,bacterial_leaf_blight,
200827.jpg,normal,
202450.jpg,normal,
202465.jpg,blast,
200662.jpg,tungro,
200821.jpg,downy_mildew,
201007.jpg,normal,
201220.jpg,dead_heart,
201233.jpg,dead_heart,
200212.jpg,tungro,
202843.jpg,normal,
201110.jpg,hispa,
201704.jpg,downy_mildew,
201413.jpg,dead_heart,
203166.jpg,hispa,
200380.jpg,normal,
200609.jpg,normal,
201358.jpg,brown_spot,
200583.jpg,brown_spot,
201285.jpg,hispa,
203384.jpg,normal,
200020.jpg,dead_heart,
201345.jpg,tungro,
203123.jpg,hispa,
200612.jpg,tungro,
202024.jpg,tungro,
202046.jpg,tungro,
202713.jpg,blast,
203243.jpg,brown_spot,
200886.jpg,dead_heart,
202340.jpg,blast,
203298.jpg,bacterial_leaf_blight,
200548.jpg,downy_mildew,
202330.jpg,dead_heart,
200951.jpg,hispa,
200896.jpg,normal,
202461.jpg,normal,
203008.jpg,downy_mildew,
202702.jpg,downy_mildew,
201712.jpg,blast,
202300.jpg,dead_heart,
202162.jpg,blast,
202760.jpg,hispa,
201912.jpg,dead_heart,
200149.jpg,dead_heart,
203136.jpg,hispa,
200947.jpg,tungro,
201980.jpg,blast,
201989.jpg,blast,
201094.jpg,brown_spot,
200848.jpg,blast,
201884.jpg,dead_heart,
200150.jpg,dead_heart,
202303.jpg,hispa,
200109.jpg,tungro,
201943.jpg,brown_spot,
202995.jpg,normal,
203179.jpg,dead_heart,
200343.jpg,tungro,
202741.jpg,normal,
200660.jpg,dead_heart,
202147.jpg,normal,
200743.jpg,brown_spot,
202903.jpg,hispa,
201935.jpg,downy_mildew,
202049.jpg,downy_mildew,
200691.jpg,dead_heart,
201395.jpg,normal,
201594.jpg,brown_spot,
201069.jpg,normal,
201036.jpg,downy_mildew,
200722.jpg,brown_spot,
201535.jpg,blast,
201624.jpg,normal,
200860.jpg,normal,
201848.jpg,tungro,
201448.jpg,normal,
203434.jpg,tungro,
200019.jpg,dead_heart,
203099.jpg,bacterial_panicle_blight,
200278.jpg,bacterial_leaf_blight,
203091.jpg,dead_heart,
201473.jpg,blast,
200122.jpg,tungro,
201140.jpg,normal,
201534.jpg,bacterial_leaf_streak,
200284.jpg,normal,
202452.jpg,blast,
202460.jpg,blast,
200172.jpg,blast,
202687.jpg,normal,
200801.jpg,hispa,
203286.jpg,downy_mildew,
201725.jpg,blast,
201924.jpg,dead_heart,
202429.jpg,bacterial_leaf_blight,
201690.jpg,brown_spot,
202613.jpg,dead_heart,
202352.jpg,hispa,
202233.jpg,blast,
202479.jpg,hispa,
201723.jpg,blast,
201033.jpg,normal,
202660.jpg,hispa,
202363.jpg,dead_heart,
201351.jpg,hispa,
200111.jpg,hispa,
202943.jpg,blast,
200173.jpg,normal,
202295.jpg,tungro,
201230.jpg,tungro,
203071.jpg,hispa,
202202.jpg,dead_heart,
200124.jpg,blast,
202150.jpg,dead_heart,
202563.jpg,hispa,
202112.jpg,dead_heart,
202786.jpg,brown_spot,
202855.jpg,blast,
202260.jpg,bacterial_leaf_streak,
200303.jpg,tungro,
201346.jpg,brown_spot,
202596.jpg,tungro,
200636.jpg,tungro,
203065.jpg,bacterial_leaf_streak,
200942.jpg,hispa,
201397.jpg,blast,
203424.jpg,blast,
201881.jpg,brown_spot,
203276.jpg,blast,
200475.jpg,brown_spot,
200795.jpg,normal,
202577.jpg,normal,
200868.jpg,normal,
202878.jpg,blast,
202765.jpg,hispa,
200154.jpg,dead_heart,
202069.jpg,bacterial_leaf_blight,
201469.jpg,blast,
203416.jpg,normal,
203107.jpg,dead_heart,
200617.jpg,hispa,
203452.jpg,dead_heart,
200026.jpg,hispa,
200613.jpg,tungro,
200438.jpg,normal,
201745.jpg,normal,
201377.jpg,blast,
202546.jpg,hispa,
203318.jpg,hispa,
203280.jpg,tungro,
203116.jpg,brown_spot,
202259.jpg,dead_heart,
201312.jpg,blast,
202283.jpg,brown_spot,
202229.jpg,bacterial_leaf_blight,
201892.jpg,brown_spot,
202798.jpg,tungro,
202819.jpg,normal,
202911.jpg,blast,
202297.jpg,brown_spot,
201432.jpg,hispa,
202467.jpg,blast,
202401.jpg,blast,
201923.jpg,blast,
202893.jpg,blast,
202185.jpg,bacterial_panicle_blight,
201903.jpg,tungro,
200689.jpg,dead_heart,
202050.jpg,normal,
201457.jpg,brown_spot,
200341.jpg,normal,
201283.jpg,dead_heart,
202898.jpg,normal,
200246.jpg,blast,
203315.jpg,blast,
200877.jpg,tungro,
201252.jpg,hispa,
202173.jpg,normal,
201135.jpg,normal,
202153.jpg,dead_heart,
201571.jpg,bacterial_leaf_blight,
201157.jpg,blast,
203079.jpg,downy_mildew,
202782.jpg,tungro,
200621.jpg,normal,
201491.jpg,tungro,
201495.jpg,bacterial_leaf_blight,
200072.jpg,dead_heart,
200178.jpg,blast,
200323.jpg,normal,
201590.jpg,downy_mildew,
202368.jpg,dead_heart,
202541.jpg,blast,
200645.jpg,hispa,
202608.jpg,hispa,
202907.jpg,bacterial_leaf_blight,
201642.jpg,normal,
200404.jpg,hispa,
202602.jpg,dead_heart,
200847.jpg,bacterial_panicle_blight,
200458.jpg,blast,
201944.jpg,bacterial_leaf_streak,
203157.jpg,normal,
202077.jpg,downy_mildew,
202117.jpg,downy_mildew,
200846.jpg,tungro,
200337.jpg,normal,
202217.jpg,normal,
200143.jpg,blast,
201131.jpg,brown_spot,
200176.jpg,downy_mildew,
202029.jpg,dead_heart,
203025.jpg,dead_heart,
202550.jpg,blast,
201436.jpg,normal,
203342.jpg,blast,
200429.jpg,dead_heart,
201860.jpg,hispa,
202391.jpg,dead_heart,
202228.jpg,dead_heart,
202891.jpg,tungro,
200712.jpg,normal,
203311.jpg,dead_heart,
203465.jpg,dead_heart,
201447.jpg,brown_spot,
201595.jpg,blast,
200593.jpg,tungro,
200653.jpg,hispa,
202976.jpg,hispa,
201894.jpg,bacterial_panicle_blight,
201797.jpg,dead_heart,
200144.jpg,blast,
200855.jpg,dead_heart,
200318.jpg,dead_heart,
203125.jpg,dead_heart,
201465.jpg,hispa,
201383.jpg,dead_heart,
200654.jpg,blast,
202449.jpg,tungro,
201906.jpg,dead_heart,
200207.jpg,bacterial_leaf_streak,
203050.jpg,hispa,
200230.jpg,downy_mildew,
202164.jpg,normal,
201258.jpg,hispa,
201459.jpg,blast,
201722.jpg,blast,
201231.jpg,dead_heart,
203184.jpg,brown_spot,
201327.jpg,dead_heart,
201392.jpg,hispa,
202604.jpg,hispa,
200708.jpg,hispa,
200581.jpg,blast,
200791.jpg,downy_mildew,
202665.jpg,blast,
200240.jpg,bacterial_leaf_streak,
203105.jpg,normal,
200322.jpg,hispa,
200503.jpg,downy_mildew,
202002.jpg,hispa,
200243.jpg,tungro,
203366.jpg,dead_heart,
200413.jpg,hispa,
203350.jpg,tungro,
200387.jpg,blast,
203466.jpg,normal,
202102.jpg,brown_spot,
200958.jpg,tungro,
200534.jpg,brown_spot,
201852.jpg,normal,
201886.jpg,bacterial_leaf_streak,
202822.jpg,downy_mildew,
201644.jpg,hispa,
201038.jpg,hispa,
202268.jpg,blast,
200324.jpg,normal,
201278.jpg,dead_heart,
200740.jpg,normal,
200390.jpg,normal,
201717.jpg,blast,
202685.jpg,blast,
200488.jpg,tungro,
201666.jpg,bacterial_panicle_blight,
202399.jpg,dead_heart,
201472.jpg,normal,
202458.jpg,normal,
200541.jpg,normal,
200302.jpg,dead_heart,
202208.jpg,tungro,
200029.jpg,dead_heart,
201954.jpg,brown_spot,
201128.jpg,tungro,
202373.jpg,hispa,
203300.jpg,blast,
201525.jpg,normal,
201947.jpg,dead_heart,
203103.jpg,blast,
201479.jpg,dead_heart,
202344.jpg,dead_heart,
201776.jpg,dead_heart,
202351.jpg,bacterial_leaf_blight,
200093.jpg,hispa,
202600.jpg,tungro,
203142.jpg,downy_mildew,
201386.jpg,normal,
201542.jpg,brown_spot,
202082.jpg,dead_heart,
200426.jpg,blast,
201516.jpg,blast,
201593.jpg,dead_heart,
202634.jpg,dead_heart,
200777.jpg,hispa,
200162.jpg,hispa,
201952.jpg,normal,
200353.jpg,blast,
203446.jpg,brown_spot,
201910.jpg,tungro,
201750.jpg,bacterial_panicle_blight,
202847.jpg,downy_mildew,
201628.jpg,brown_spot,
200419.jpg,hispa,
202712.jpg,hispa,
202302.jpg,tungro,
201330.jpg,tungro,
203451.jpg,normal,
201979.jpg,blast,
201602.jpg,tungro,
202170.jpg,normal,
201869.jpg,bacterial_leaf_blight,
202469.jpg,downy_mildew,
203359.jpg,downy_mildew,
201653.jpg,normal,
201627.jpg,tungro,
202126.jpg,dead_heart,
203227.jpg,bacterial_leaf_blight,
201774.jpg,brown_spot,
201197.jpg,bacterial_leaf_streak,
201344.jpg,dead_heart,
202021.jpg,blast,
203069.jpg,tungro,
200346.jpg,brown_spot,
201899.jpg,hispa,
200819.jpg,brown_spot,
202972.jpg,normal,
200065.jpg,tungro,
200900.jpg,normal,
201426.jpg,dead_heart,
201490.jpg,downy_mildew,
200263.jpg,hispa,
200462.jpg,hispa,
202999.jpg,blast,
202529.jpg,dead_heart,
202970.jpg,normal,
201210.jpg,normal,
203428.jpg,downy_mildew,
203228.jpg,normal,
202226.jpg,blast,
202993.jpg,blast,
201874.jpg,dead_heart,
202764.jpg,blast,
202063.jpg,tungro,
200042.jpg,hispa,
202388.jpg,normal,
201804.jpg,dead_heart,
203402.jpg,blast,
202938.jpg,tungro,
202526.jpg,blast,
202138.jpg,normal,
200810.jpg,hispa,
200797.jpg,normal,
201062.jpg,hispa,
200205.jpg,hispa,
201342.jpg,hispa,
203404.jpg,blast,
200727.jpg,tungro,
202664.jpg,tungro,
202826.jpg,dead_heart,
201348.jpg,hispa,
200453.jpg,tungro,
202514.jpg,normal,
200253.jpg,hispa,
200577.jpg,tungro,
201868.jpg,bacterial_leaf_blight,
203074.jpg,tungro,
202397.jpg,normal,
200487.jpg,normal,
203232.jpg,blast,
200235.jpg,tungro,
201844.jpg,tungro,
201207.jpg,dead_heart,
203058.jpg,normal,
201262.jpg,brown_spot,
200888.jpg,brown_spot,
201895.jpg,normal,
201385.jpg,blast,
200079.jpg,tungro,
201814.jpg,brown_spot,
200894.jpg,blast,
200283.jpg,hispa,
202914.jpg,blast,
202832.jpg,bacterial_leaf_blight,
202814.jpg,normal,
202278.jpg,hispa,
201363.jpg,blast,
202425.jpg,blast,
203266.jpg,brown_spot,
200005.jpg,blast,
201658.jpg,normal,
201824.jpg,dead_heart,
201323.jpg,blast,
203108.jpg,brown_spot,
201375.jpg,hispa,
200764.jpg,dead_heart,
200805.jpg,downy_mildew,
201514.jpg,blast,
200241.jpg,blast,
202376.jpg,blast,
200256.jpg,blast,
201190.jpg,downy_mildew,
203373.jpg,blast,
202146.jpg,brown_spot,
201234.jpg,normal,
202706.jpg,normal,
201352.jpg,hispa,
202792.jpg,brown_spot,
200184.jpg,blast,
201842.jpg,normal,
200177.jpg,bacterial_leaf_blight,
201387.jpg,normal,
200210.jpg,tungro,
202917.jpg,hispa,
203148.jpg,bacterial_leaf_streak,
202796.jpg,downy_mildew,
200332.jpg,hispa,
200874.jpg,bacterial_leaf_streak,
200748.jpg,downy_mildew,
202499.jpg,tungro,
200751.jpg,bacterial_leaf_streak,
202842.jpg,downy_mildew,
203019.jpg,tungro,
200680.jpg,tungro,
201965.jpg,hispa,
201165.jpg,hispa,
201807.jpg,blast,
200606.jpg,blast,
202030.jpg,normal,
202588.jpg,downy_mildew,
202556.jpg,hispa,
202098.jpg,brown_spot,
202718.jpg,dead_heart,
201453.jpg,normal,
203122.jpg,bacterial_panicle_blight,
201147.jpg,blast,
200352.jpg,blast,
201573.jpg,normal,
200040.jpg,tungro,
200317.jpg,hispa,
200814.jpg,tungro,
201697.jpg,blast,
201970.jpg,blast,
202393.jpg,bacterial_panicle_blight,
202058.jpg,hispa,
202231.jpg,hispa,
201833.jpg,blast,
200408.jpg,dead_heart,
202287.jpg,blast,
202095.jpg,normal,
202048.jpg,dead_heart,
201533.jpg,blast,
202179.jpg,hispa,
201689.jpg,hispa,
201494.jpg,tungro,
200568.jpg,bacterial_panicle_blight,
202041.jpg,blast,
201902.jpg,hispa,
200068.jpg,bacterial_leaf_streak,
203375.jpg,tungro,
200459.jpg,normal,
201915.jpg,blast,
201074.jpg,hispa,
200661.jpg,tungro,
201621.jpg,dead_heart,
200106.jpg,blast,
201727.jpg,hispa,
202650.jpg,brown_spot,
200013.jpg,normal,
200715.jpg,tungro,
202400.jpg,downy_mildew,
203378.jpg,normal,
202663.jpg,hispa,
202232.jpg,bacterial_leaf_blight,
201403.jpg,downy_mildew,
203462.jpg,bacterial_panicle_blight,
201404.jpg,normal,
200782.jpg,dead_heart,
202360.jpg,blast,
200509.jpg,tungro,
202309.jpg,bacterial_leaf_streak,
200110.jpg,blast,
201046.jpg,dead_heart,
200725.jpg,normal,
200864.jpg,bacterial_leaf_blight,
200264.jpg,tungro,
202052.jpg,tungro,
201201.jpg,bacterial_panicle_blight,
200454.jpg,dead_heart,
200282.jpg,normal,
202524.jpg,blast,
200312.jpg,normal,
200950.jpg,blast,
201643.jpg,blast,
200517.jpg,normal,
203059.jpg,dead_heart,
200123.jpg,dead_heart,
201538.jpg,brown_spot,
202474.jpg,brown_spot,
200354.jpg,bacterial_leaf_blight,
202921.jpg,normal,
200754.jpg,brown_spot,
201489.jpg,tungro,
201676.jpg,bacterial_panicle_blight,
200808.jpg,dead_heart,
201067.jpg,normal,
200713.jpg,downy_mildew,
202676.jpg,hispa,
201275.jpg,tungro,
202560.jpg,blast,
200237.jpg,hispa,
203388.jpg,tungro,
200707.jpg,tungro,
202980.jpg,hispa,
201273.jpg,tungro,
201956.jpg,dead_heart,
201181.jpg,downy_mildew,
201551.jpg,hispa,
203337.jpg,blast,
201883.jpg,tungro,
201547.jpg,hispa,
203199.jpg,hispa,
202615.jpg,brown_spot,
202234.jpg,blast,
200952.jpg,tungro,
202697.jpg,downy_mildew,
203277.jpg,brown_spot,
202038.jpg,bacterial_panicle_blight,
202788.jpg,dead_heart,
201539.jpg,bacterial_leaf_streak,
200473.jpg,normal,
203261.jpg,hispa,
202594.jpg,blast,
202905.jpg,blast,
201515.jpg,hispa,
200298.jpg,dead_heart,
202139.jpg,normal,
200701.jpg,blast,
202643.jpg,dead_heart,
203081.jpg,bacterial_leaf_streak,
200175.jpg,dead_heart,
203115.jpg,hispa,
201298.jpg,dead_heart,
202367.jpg,dead_heart,
200698.jpg,normal,
200856.jpg,tungro,
201370.jpg,blast,
201109.jpg,hispa,
201127.jpg,normal,
201334.jpg,downy_mildew,
202812.jpg,brown_spot,
202559.jpg,blast,
202059.jpg,normal,
203295.jpg,downy_mildew,
200415.jpg,dead_heart,
202171.jpg,normal,
203431.jpg,dead_heart,
200128.jpg,bacterial_leaf_blight,
203193.jpg,hispa,
200432.jpg,bacterial_panicle_blight,
201441.jpg,dead_heart,
200976.jpg,normal,
203335.jpg,hispa,
200114.jpg,hispa,
201577.jpg,blast,
201471.jpg,hispa,
200746.jpg,bacterial_leaf_blight,
201199.jpg,dead_heart,
201272.jpg,hispa,
201229.jpg,tungro,
202689.jpg,dead_heart,
202066.jpg,tungro,
200771.jpg,bacterial_leaf_blight,
202752.jpg,tungro,
200170.jpg,brown_spot,
201877.jpg,blast,
201467.jpg,downy_mildew,
200166.jpg,dead_heart,
201276.jpg,blast,
202626.jpg,brown_spot,
203130.jpg,blast,
201598.jpg,hispa,
202739.jpg,bacterial_leaf_streak,
202787.jpg,blast,
203027.jpg,blast,
201583.jpg,blast,
201975.jpg,dead_heart,
200179.jpg,tungro,
202830.jpg,downy_mildew,
201319.jpg,dead_heart,
203028.jpg,blast,
200063.jpg,brown_spot,
203252.jpg,dead_heart,
202593.jpg,dead_heart,
200934.jpg,blast,
201085.jpg,blast,
202390.jpg,hispa,
201301.jpg,blast,
200127.jpg,blast,
200766.jpg,hispa,
202516.jpg,blast,
203260.jpg,hispa,
203444.jpg,hispa,
201793.jpg,dead_heart,
201087.jpg,dead_heart,
201362.jpg,bacterial_leaf_streak,
202535.jpg,bacterial_leaf_blight,
201840.jpg,tungro,
202538.jpg,dead_heart,
202189.jpg,blast,
203385.jpg,brown_spot,
203023.jpg,hispa,
200605.jpg,dead_heart,
202296.jpg,hispa,
200836.jpg,hispa,
202935.jpg,brown_spot,
202498.jpg,dead_heart,
200376.jpg,tungro,
200329.jpg,dead_heart,
201988.jpg,hispa,
202356.jpg,downy_mildew,
201554.jpg,tungro,
201522.jpg,blast,
202184.jpg,downy_mildew,
201513.jpg,brown_spot,
200646.jpg,tungro,
200744.jpg,blast,
200597.jpg,normal,
201659.jpg,normal,
200316.jpg,blast,
200004.jpg,blast,
201421.jpg,tungro,
203101.jpg,normal,
202298.jpg,bacterial_leaf_streak,
202094.jpg,blast,
200536.jpg,blast,
202451.jpg,dead_heart,
201281.jpg,downy_mildew,
202710.jpg,tungro,
201673.jpg,blast,
203039.jpg,normal,
202143.jpg,bacterial_leaf_streak,
200735.jpg,tungro,
203435.jpg,normal,
202145.jpg,brown_spot,
201322.jpg,downy_mildew,
200342.jpg,bacterial_leaf_streak,
201949.jpg,downy_mildew,
202148.jpg,tungro,
203343.jpg,bacterial_panicle_blight,
202699.jpg,dead_heart,
200334.jpg,brown_spot,
201622.jpg,hispa,
203208.jpg,bacterial_leaf_blight,
202507.jpg,brown_spot,
201591.jpg,tungro,
201671.jpg,tungro,
201218.jpg,tungro,
202123.jpg,normal,
203244.jpg,normal,
203089.jpg,hispa,
200867.jpg,tungro,
200444.jpg,brown_spot,
201829.jpg,hispa,
201730.jpg,blast,
200441.jpg,tungro,
202872.jpg,downy_mildew,
200972.jpg,tungro,
203396.jpg,bacterial_leaf_blight,
202986.jpg,hispa,
201927.jpg,bacterial_leaf_streak,
201136.jpg,dead_heart,
201013.jpg,normal,
201873.jpg,normal,
201701.jpg,tungro,
203052.jpg,blast,
202215.jpg,hispa,
202167.jpg,hispa,
200705.jpg,hispa,
201720.jpg,tungro,
201808.jpg,dead_heart,
202759.jpg,hispa,
200131.jpg,dead_heart,
201081.jpg,normal,
202971.jpg,dead_heart,
202653.jpg,normal,
201338.jpg,hispa,
202570.jpg,hispa,
200862.jpg,normal,
201235.jpg,blast,
201399.jpg,hispa,
202403.jpg,blast,
202621.jpg,blast,
202635.jpg,dead_heart,
201955.jpg,dead_heart,
200054.jpg,normal,
201409.jpg,dead_heart,
202099.jpg,hispa,
203345.jpg,blast,
202622.jpg,dead_heart,
202320.jpg,normal,
202815.jpg,normal,
201930.jpg,dead_heart,
201232.jpg,tungro,
200195.jpg,hispa,
203427.jpg,brown_spot,
203411.jpg,blast,
203146.jpg,hispa,
201827.jpg,hispa,
203070.jpg,blast,
200336.jpg,downy_mildew,
200852.jpg,normal,
202850.jpg,normal,
202978.jpg,dead_heart,
201478.jpg,hispa,
201466.jpg,blast,
203034.jpg,hispa,
202223.jpg,bacterial_panicle_blight,
200549.jpg,dead_heart,
201603.jpg,blast,
202614.jpg,blast,
201675.jpg,normal,
201914.jpg,normal,
201851.jpg,blast,
201302.jpg,brown_spot,
202742.jpg,dead_heart,
202573.jpg,blast,
202874.jpg,dead_heart,
200185.jpg,dead_heart,
202071.jpg,bacterial_leaf_streak,
203213.jpg,hispa,
203053.jpg,hispa,
202313.jpg,blast,
202810.jpg,hispa,
202439.jpg,downy_mildew,
201920.jpg,normal,
201056.jpg,hispa,
200321.jpg,hispa,
200676.jpg,downy_mildew,
202500.jpg,hispa,
201922.jpg,bacterial_panicle_blight,
201045.jpg,hispa,
201408.jpg,brown_spot,
201429.jpg,hispa,
201890.jpg,bacterial_leaf_streak,
200009.jpg,hispa,
200882.jpg,normal,
203271.jpg,hispa,
202065.jpg,brown_spot,
202209.jpg,blast,
200326.jpg,blast,
202293.jpg,dead_heart,
201437.jpg,dead_heart,
200090.jpg,blast,
201368.jpg,downy_mildew,
201752.jpg,normal,
201318.jpg,tungro,
200945.jpg,dead_heart,
200202.jpg,blast,
203024.jpg,tungro,
202628.jpg,normal,
202904.jpg,tungro,
201841.jpg,hispa,
201023.jpg,tungro,
200216.jpg,downy_mildew,
202636.jpg,normal,
200307.jpg,blast,
203237.jpg,brown_spot,
201286.jpg,hispa,
202989.jpg,hispa,
201080.jpg,blast,
200703.jpg,normal,
201173.jpg,normal,
201519.jpg,hispa,
202703.jpg,dead_heart,
202879.jpg,brown_spot,
200686.jpg,blast,
200656.jpg,tungro,
202262.jpg,blast,
203438.jpg,tungro,
200089.jpg,tungro,
200756.jpg,bacterial_panicle_blight,
203200.jpg,normal,
202214.jpg,tungro,
200507.jpg,normal,
201773.jpg,normal,
200733.jpg,blast,
200382.jpg,normal,
203430.jpg,blast,
202224.jpg,normal,
200829.jpg,blast,
202191.jpg,blast,
201731.jpg,blast,
201812.jpg,dead_heart,
202736.jpg,normal,
203062.jpg,dead_heart,
203092.jpg,normal,
202838.jpg,dead_heart,
201138.jpg,blast,
200837.jpg,brown_spot,
200920.jpg,downy_mildew,
201431.jpg,normal,
201686.jpg,bacterial_panicle_blight,
200966.jpg,dead_heart,
200501.jpg,hispa,
202996.jpg,tungro,
200182.jpg,downy_mildew,
203333.jpg,dead_heart,
201257.jpg,blast,
202487.jpg,hispa,
203293.jpg,brown_spot,
202275.jpg,bacterial_leaf_blight,
200476.jpg,dead_heart,
200989.jpg,hispa,
203278.jpg,tungro,
202735.jpg,hispa,
202728.jpg,brown_spot,
203314.jpg,downy_mildew,
201455.jpg,dead_heart,
200977.jpg,normal,
200793.jpg,downy_mildew,
200822.jpg,tungro,
202151.jpg,bacterial_leaf_blight,
201475.jpg,hispa,
201458.jpg,normal,
203324.jpg,normal,
202580.jpg,normal,
201369.jpg,downy_mildew,
200056.jpg,normal,
201768.jpg,dead_heart,
201685.jpg,normal,
200400.jpg,normal,
202564.jpg,tungro,
202777.jpg,hispa,
201028.jpg,tungro,
202567.jpg,normal,
200028.jpg,tungro,
201239.jpg,tungro,
201795.jpg,tungro,
202694.jpg,hispa,
200450.jpg,dead_heart,
200840.jpg,tungro,
201599.jpg,dead_heart,
200132.jpg,blast,
201112.jpg,tungro,
201559.jpg,blast,
201781.jpg,dead_heart,
201982.jpg,dead_heart,
202899.jpg,blast,
200053.jpg,tungro,
201332.jpg,hispa,
201366.jpg,dead_heart,
201830.jpg,hispa,
203203.jpg,dead_heart,
202281.jpg,normal,
201855.jpg,normal,
202253.jpg,dead_heart,
202585.jpg,tungro,
203292.jpg,normal,
200944.jpg,dead_heart,
203118.jpg,blast,
202161.jpg,dead_heart,
201960.jpg,normal,
200301.jpg,tungro,
202876.jpg,normal,
200010.jpg,tungro,
201567.jpg,dead_heart,
202767.jpg,dead_heart,
200364.jpg,dead_heart,
202631.jpg,hispa,
203041.jpg,tungro,
201821.jpg,bacterial_leaf_blight,
202916.jpg,brown_spot,
201125.jpg,blast,
201354.jpg,normal,
200066.jpg,blast,
201337.jpg,downy_mildew,
200468.jpg,bacterial_leaf_streak,
202733.jpg,normal,
201708.jpg,bacterial_panicle_blight,
202290.jpg,normal,
201042.jpg,tungro,
201486.jpg,tungro,
202067.jpg,blast,
201300.jpg,dead_heart,
202354.jpg,dead_heart,
203299.jpg,tungro,
202848.jpg,brown_spot,
202470.jpg,hispa,
200876.jpg,brown_spot,
201415.jpg,hispa,
201329.jpg,brown_spot,
201742.jpg,brown_spot,
202020.jpg,blast,
201760.jpg,bacterial_leaf_streak,
200670.jpg,hispa,
203211.jpg,normal,
202056.jpg,dead_heart,
201435.jpg,dead_heart,
200498.jpg,blast,
201921.jpg,tungro,
200957.jpg,hispa,
202013.jpg,hispa,
201652.jpg,hispa,
200817.jpg,brown_spot,
202791.jpg,normal,
200525.jpg,blast,
200655.jpg,brown_spot,
201953.jpg,dead_heart,
203447.jpg,normal,
203114.jpg,hispa,
201777.jpg,bacterial_leaf_streak,
203377.jpg,normal,
202240.jpg,normal,
202392.jpg,bacterial_leaf_streak,
202584.jpg,dead_heart,
200117.jpg,normal,
201066.jpg,blast,
200718.jpg,normal,
201608.jpg,hispa,
203352.jpg,blast,
200879.jpg,dead_heart,
203395.jpg,normal,
203365.jpg,tungro,
203290.jpg,hispa,
200700.jpg,dead_heart,
203216.jpg,blast,
200335.jpg,bacterial_panicle_blight,
201357.jpg,bacterial_panicle_blight,
202926.jpg,tungro,
201212.jpg,normal,
203014.jpg,downy_mildew,
200729.jpg,dead_heart,
203194.jpg,normal,
200575.jpg,normal,
200448.jpg,dead_heart,
202583.jpg,normal,
201735.jpg,bacterial_leaf_streak,
200939.jpg,blast,
200064.jpg,tungro,
200161.jpg,tungro,
201439.jpg,normal,
202384.jpg,normal,
203170.jpg,hispa,
202075.jpg,hispa,
201918.jpg,hispa,
201340.jpg,blast,
202389.jpg,tungro,
203209.jpg,hispa,
201741.jpg,dead_heart,
201419.jpg,blast,
200914.jpg,blast,
203287.jpg,normal,
200878.jpg,dead_heart,
202683.jpg,blast,
201208.jpg,normal,
202956.jpg,tungro,
200595.jpg,blast,
200589.jpg,normal,
202137.jpg,tungro,
201897.jpg,normal,
200559.jpg,hispa,
200411.jpg,hispa,
202849.jpg,normal,
200556.jpg,bacterial_panicle_blight,
201161.jpg,blast,
200887.jpg,dead_heart,
203453.jpg,downy_mildew,
202800.jpg,blast,
203361.jpg,hispa,
203334.jpg,normal,
201782.jpg,hispa,
200425.jpg,normal,
202436.jpg,normal,
200469.jpg,blast,
202553.jpg,normal,
203134.jpg,hispa,
202168.jpg,blast,
200021.jpg,tungro,
203010.jpg,blast,
200961.jpg,downy_mildew,
202561.jpg,tungro,
200363.jpg,downy_mildew,
202860.jpg,normal,
201224.jpg,tungro,
200647.jpg,blast,
200424.jpg,brown_spot,
203355.jpg,normal,
200410.jpg,downy_mildew,
201517.jpg,tungro,
200138.jpg,brown_spot,
203218.jpg,blast,
200650.jpg,dead_heart,
200696.jpg,downy_mildew,
202902.jpg,hispa,
203144.jpg,blast,
201391.jpg,normal,
202128.jpg,tungro,
203175.jpg,normal,
201026.jpg,downy_mildew,
201850.jpg,tungro,
201913.jpg,tungro,
200620.jpg,blast,
202331.jpg,tungro,
203231.jpg,hispa,
202966.jpg,tungro,
201114.jpg,normal,
200927.jpg,tungro,
202130.jpg,dead_heart,
201859.jpg,normal,
201267.jpg,blast,
201219.jpg,dead_heart,
200682.jpg,normal,
201822.jpg,brown_spot,
203235.jpg,hispa,
200902.jpg,downy_mildew,
202771.jpg,brown_spot,
201705.jpg,tungro,
201169.jpg,bacterial_leaf_streak,
202319.jpg,dead_heart,
201641.jpg,tungro,
201961.jpg,hispa,
201268.jpg,tungro,
201005.jpg,bacterial_leaf_blight,
202200.jpg,dead_heart,
200348.jpg,hispa,
200311.jpg,normal,
203097.jpg,tungro,
201700.jpg,bacterial_leaf_blight,
203111.jpg,hispa,
200999.jpg,hispa,
200964.jpg,blast,
202288.jpg,brown_spot,
201012.jpg,normal,
201313.jpg,tungro,
203178.jpg,blast,
202805.jpg,blast,
200034.jpg,blast,
202568.jpg,dead_heart,
203212.jpg,downy_mildew,
200681.jpg,blast,
203075.jpg,blast,
202186.jpg,normal,
203031.jpg,bacterial_leaf_streak,
201174.jpg,hispa,
201092.jpg,blast,
202829.jpg,downy_mildew,
201215.jpg,normal,
201919.jpg,normal,
200633.jpg,brown_spot,
200012.jpg,hispa,
201623.jpg,bacterial_leaf_streak,
200675.jpg,hispa,
200657.jpg,blast,
200946.jpg,downy_mildew,
200812.jpg,normal,
202555.jpg,blast,
202581.jpg,hispa,
201845.jpg,hispa,
203456.jpg,tungro,
202419.jpg,hispa,
203348.jpg,dead_heart,
201729.jpg,tungro,
202468.jpg,blast,
200304.jpg,brown_spot,
203367.jpg,downy_mildew,
201561.jpg,tungro,
201079.jpg,bacterial_leaf_streak,
201195.jpg,downy_mildew,
202557.jpg,downy_mildew,
201048.jpg,hispa,
200816.jpg,tungro,
201422.jpg,tungro,
202797.jpg,hispa,
203147.jpg,blast,
201058.jpg,hispa,
202821.jpg,brown_spot,
202374.jpg,dead_heart,
203128.jpg,blast,
201990.jpg,brown_spot,
201854.jpg,normal,
201336.jpg,downy_mildew,
201552.jpg,blast,
202820.jpg,hispa,
202322.jpg,brown_spot,
201888.jpg,brown_spot,
202416.jpg,normal,
200651.jpg,bacterial_leaf_blight,
201162.jpg,normal,
202616.jpg,downy_mildew,
200433.jpg,hispa,
201668.jpg,normal,
202732.jpg,normal,
202342.jpg,dead_heart,
200360.jpg,blast,
201452.jpg,normal,
201805.jpg,blast,
201134.jpg,bacterial_panicle_blight,
202124.jpg,normal,
201324.jpg,dead_heart,
200773.jpg,dead_heart,
202199.jpg,blast,
202886.jpg,dead_heart,
200001.jpg,normal,
201677.jpg,normal,
200494.jpg,tungro,
200119.jpg,blast,
200737.jpg,hispa,
203040.jpg,bacterial_leaf_streak,
201524.jpg,brown_spot,
202772.jpg,dead_heart,
201193.jpg,blast,
201662.jpg,normal,
203371.jpg,downy_mildew,
202134.jpg,dead_heart,
203139.jpg,blast,
203380.jpg,blast,
203363.jpg,tungro,
201177.jpg,normal,
201121.jpg,tungro,
200695.jpg,blast,
200638.jpg,bacterial_panicle_blight,
202242.jpg,hispa,
200760.jpg,downy_mildew,
203093.jpg,tungro,
202204.jpg,tungro,
202540.jpg,hispa,
201710.jpg,dead_heart,
200804.jpg,normal,
201767.jpg,hispa,
200367.jpg,normal,
202988.jpg,dead_heart,
201014.jpg,blast,
203346.jpg,hispa,
200071.jpg,tungro,
200611.jpg,brown_spot,
201051.jpg,brown_spot,
202111.jpg,normal,
201188.jpg,dead_heart,
201963.jpg,blast,
200275.jpg,normal,
202249.jpg,tungro,
203248.jpg,downy_mildew,
203291.jpg,tungro,
202005.jpg,brown_spot,
202462.jpg,bacterial_panicle_blight,
201001.jpg,downy_mildew,
203085.jpg,hispa,
200516.jpg,normal,
202698.jpg,normal,
203392.jpg,blast,
201111.jpg,blast,
202808.jpg,dead_heart,
203168.jpg,downy_mildew,
200245.jpg,blast,
201083.jpg,normal,
203205.jpg,brown_spot,
201148.jpg,bacterial_leaf_blight,
200467.jpg,normal,
201163.jpg,hispa,
200077.jpg,normal,
202276.jpg,tungro,
200196.jpg,brown_spot,
202574.jpg,blast,
203145.jpg,normal,
202969.jpg,blast,
200582.jpg,normal,
201183.jpg,normal,
201813.jpg,hispa,
200779.jpg,normal,
200937.jpg,normal,
200269.jpg,hispa,
200369.jpg,blast,
201995.jpg,brown_spot,
202440.jpg,blast,
203173.jpg,blast,
201962.jpg,tungro,
202230.jpg,dead_heart,
201901.jpg,blast,
202221.jpg,downy_mildew,
202870.jpg,hispa,
202265.jpg,hispa,
201734.jpg,blast,
202620.jpg,downy_mildew,
203326.jpg,dead_heart,
202895.jpg,normal,
200943.jpg,hispa,
201966.jpg,normal,
200208.jpg,normal,
201454.jpg,blast,
200030.jpg,hispa,
202936.jpg,normal,
202542.jpg,downy_mildew,
201021.jpg,hispa,
201800.jpg,hispa,
200457.jpg,normal,
200671.jpg,tungro,
201297.jpg,bacterial_leaf_streak,
202241.jpg,dead_heart,
200697.jpg,bacterial_leaf_blight,
202869.jpg,bacterial_panicle_blight,
202853.jpg,dead_heart,
200981.jpg,bacterial_panicle_blight,
202661.jpg,blast,
201984.jpg,hispa,
200244.jpg,downy_mildew,
200199.jpg,tungro,
200460.jpg,hispa,
201706.jpg,brown_spot,
200234.jpg,normal,
200155.jpg,downy_mildew,
200545.jpg,dead_heart,
201360.jpg,normal,
202493.jpg,hispa,
203460.jpg,normal,
203432.jpg,brown_spot,
200666.jpg,hispa,
201039.jpg,dead_heart,
201632.jpg,hispa,
202562.jpg,blast,
201928.jpg,dead_heart,
201861.jpg,hispa,
202901.jpg,dead_heart,
202068.jpg,brown_spot,
202284.jpg,normal,
200102.jpg,hispa,
202326.jpg,dead_heart,
201707.jpg,dead_heart,
200794.jpg,tungro,
202256.jpg,tungro,
201908.jpg,hispa,
201872.jpg,brown_spot,
202578.jpg,blast,
200809.jpg,downy_mildew,
203080.jpg,normal,
200505.jpg,hispa,
201681.jpg,normal,
203420.jpg,normal,
201002.jpg,tungro,
201620.jpg,blast,
202641.jpg,hispa,
201186.jpg,downy_mildew,
201826.jpg,hispa,
202598.jpg,dead_heart,
201124.jpg,blast,
201095.jpg,blast,
201783.jpg,bacterial_leaf_streak,
201794.jpg,tungro,
201328.jpg,tungro,
200160.jpg,tungro,
202744.jpg,tungro,
200443.jpg,bacterial_panicle_blight,
200135.jpg,downy_mildew,
201937.jpg,normal,
202532.jpg,tungro,
202784.jpg,normal,
200838.jpg,tungro,
200262.jpg,bacterial_leaf_streak,
202922.jpg,tungro,
201692.jpg,bacterial_leaf_blight,
203159.jpg,bacterial_panicle_blight,
201687.jpg,bacterial_leaf_streak,
202235.jpg,blast,
202749.jpg,normal,
200260.jpg,blast,
200564.jpg,hispa,
201477.jpg,blast,
200591.jpg,blast,
200598.jpg,dead_heart,
202042.jpg,hispa,
200045.jpg,tungro,
200306.jpg,blast,
201196.jpg,normal,
201449.jpg,hispa,
200392.jpg,normal,
202089.jpg,normal,
201417.jpg,hispa,
203163.jpg,tungro,
201502.jpg,tungro,
200083.jpg,bacterial_panicle_blight,
203172.jpg,dead_heart,
200940.jpg,hispa,
202060.jpg,dead_heart,
201736.jpg,tungro,
200294.jpg,hispa,
202809.jpg,downy_mildew,
200330.jpg,blast,
203182.jpg,normal,
200796.jpg,normal,
202766.jpg,blast,
200103.jpg,hispa,
203154.jpg,tungro,
201389.jpg,blast,
202037.jpg,bacterial_leaf_streak,
203354.jpg,dead_heart,
201405.jpg,bacterial_leaf_streak,
200926.jpg,tungro,
201096.jpg,dead_heart,
201347.jpg,normal,
201115.jpg,downy_mildew,
200153.jpg,downy_mildew,
200112.jpg,hispa,
201639.jpg,brown_spot,
202144.jpg,hispa,
201293.jpg,dead_heart,
202726.jpg,hispa,
202475.jpg,blast,
202314.jpg,normal,
202716.jpg,tungro,
203121.jpg,hispa,
202977.jpg,normal,
200566.jpg,hispa,
203068.jpg,normal,
200422.jpg,hispa,
202548.jpg,dead_heart,
201185.jpg,normal,
200292.jpg,hispa,
201071.jpg,hispa,
203037.jpg,downy_mildew,
202906.jpg,dead_heart,
202888.jpg,hispa,
201864.jpg,tungro,
203006.jpg,dead_heart,
203273.jpg,hispa,
203391.jpg,normal,
202881.jpg,blast,
203110.jpg,dead_heart,
201560.jpg,blast,
202670.jpg,dead_heart,
200580.jpg,normal,
200074.jpg,blast,
201097.jpg,blast,
200714.jpg,downy_mildew,
200554.jpg,hispa,
203210.jpg,blast,
203443.jpg,bacterial_leaf_blight,
202274.jpg,hispa,
202073.jpg,normal,
200538.jpg,normal,
202611.jpg,hispa,
202141.jpg,blast,
200008.jpg,normal,
201442.jpg,normal,
200772.jpg,bacterial_panicle_blight,
201018.jpg,dead_heart,
202339.jpg,blast,
202366.jpg,dead_heart,
202942.jpg,hispa,
203425.jpg,normal,
202513.jpg,blast,
201558.jpg,normal,
201679.jpg,bacterial_leaf_streak,
200052.jpg,tungro,
202108.jpg,downy_mildew,
200289.jpg,blast,
201764.jpg,hispa,
202669.jpg,downy_mildew,
200466.jpg,tungro,
202355.jpg,bacterial_panicle_blight,
202349.jpg,normal,
200785.jpg,normal,
202196.jpg,tungro,
203433.jpg,dead_heart,
202453.jpg,normal,
201875.jpg,hispa,
200604.jpg,normal,
200250.jpg,blast,
203259.jpg,tungro,
203401.jpg,dead_heart,
203255.jpg,blast,
200393.jpg,hispa,
200641.jpg,blast,
203304.jpg,dead_heart,
203408.jpg,hispa,
200702.jpg,tungro,
202103.jpg,normal,
201893.jpg,tungro,
201510.jpg,downy_mildew,
200374.jpg,blast,
203149.jpg,tungro,
202586.jpg,brown_spot,
201498.jpg,tungro,
200533.jpg,hispa,
201806.jpg,tungro,
200668.jpg,normal,
202480.jpg,hispa,
203198.jpg,normal,
201951.jpg,hispa,
202127.jpg,blast,
200731.jpg,tungro,
200674.jpg,normal,
202097.jpg,dead_heart,
200664.jpg,tungro,
203229.jpg,brown_spot,
200726.jpg,dead_heart,
200975.jpg,tungro,
201523.jpg,hispa,
203464.jpg,blast,
203360.jpg,tungro,
200632.jpg,dead_heart,
200673.jpg,normal,
202690.jpg,hispa,
202959.jpg,hispa,
201304.jpg,dead_heart,
200486.jpg,tungro,
202721.jpg,brown_spot,
200788.jpg,dead_heart,
200924.jpg,normal,
201945.jpg,blast,
202518.jpg,dead_heart,
203387.jpg,tungro,
201787.jpg,blast,
200417.jpg,normal,
203369.jpg,bacterial_panicle_blight,
202083.jpg,blast,
201205.jpg,tungro,
203418.jpg,bacterial_panicle_blight,
203429.jpg,normal,
202222.jpg,blast,
200126.jpg,hispa,
203309.jpg,normal,
202312.jpg,normal,
203445.jpg,dead_heart,
200974.jpg,hispa,
200929.jpg,brown_spot,
202549.jpg,blast,
201605.jpg,tungro,
202382.jpg,dead_heart,
201543.jpg,normal,
200962.jpg,bacterial_leaf_streak,
202617.jpg,dead_heart,
201118.jpg,blast,
201819.jpg,normal,
200171.jpg,dead_heart,
202897.jpg,dead_heart,
200049.jpg,bacterial_panicle_blight,
202218.jpg,tungro,
202544.jpg,normal,
202873.jpg,hispa,
202896.jpg,dead_heart,
201801.jpg,tungro,
200968.jpg,blast,
200084.jpg,dead_heart,
201820.jpg,blast,
202289.jpg,brown_spot,
203109.jpg,hispa,
202407.jpg,normal,
201483.jpg,hispa,
202704.jpg,bacterial_leaf_streak,
200437.jpg,tungro,
201655.jpg,blast,
201100.jpg,tungro,
200277.jpg,normal,
202495.jpg,blast,
202590.jpg,blast,
201771.jpg,hispa,
202110.jpg,hispa,
202328.jpg,tungro,
202394.jpg,tungro,
203049.jpg,blast,
202789.jpg,blast,
202512.jpg,blast,
201296.jpg,hispa,
201504.jpg,tungro,
203398.jpg,hispa,
203329.jpg,dead_heart,
201412.jpg,tungro,
203449.jpg,brown_spot,
201290.jpg,dead_heart,
203239.jpg,normal,
200272.jpg,bacterial_leaf_streak,
200104.jpg,dead_heart,
200631.jpg,downy_mildew,
200909.jpg,brown_spot,
202748.jpg,normal,
200969.jpg,blast,
203162.jpg,dead_heart,
203158.jpg,blast,
203305.jpg,normal,
200648.jpg,dead_heart,
202952.jpg,hispa,
201589.jpg,hispa,
201279.jpg,brown_spot,
201925.jpg,normal,
201022.jpg,dead_heart,
200558.jpg,tungro,
200025.jpg,blast,
203458.jpg,tungro,
202610.jpg,hispa,
202582.jpg,bacterial_leaf_blight,
200350.jpg,dead_heart,
201303.jpg,blast,
203317.jpg,dead_heart,
200031.jpg,hispa,
202466.jpg,blast,
200377.jpg,tungro,
202862.jpg,blast,
202816.jpg,normal,
202519.jpg,blast,
200716.jpg,brown_spot,
200521.jpg,blast,
201203.jpg,normal,
201838.jpg,normal,
200787.jpg,tungro,
203197.jpg,dead_heart,
202197.jpg,blast,
201213.jpg,blast,
203351.jpg,tungro,
200551.jpg,hispa,
200916.jpg,hispa,
201656.jpg,dead_heart,
200573.jpg,normal,
201537.jpg,brown_spot,
201871.jpg,dead_heart,
202889.jpg,hispa,
200913.jpg,dead_heart,
201828.jpg,blast,
201562.jpg,hispa,
200133.jpg,normal,
202824.jpg,blast,
201228.jpg,tungro,
200811.jpg,dead_heart,
201667.jpg,normal,
201077.jpg,tungro,
201619.jpg,normal,
200873.jpg,tungro,
202131.jpg,blast,
201661.jpg,blast,
201063.jpg,normal,
200642.jpg,dead_heart,
200906.jpg,normal,
202737.jpg,hispa,
200288.jpg,normal,
202827.jpg,hispa,
200058.jpg,tungro,
201309.jpg,downy_mildew,
201488.jpg,blast,
202257.jpg,normal,
200436.jpg,downy_mildew,
203226.jpg,normal,
200403.jpg,hispa,
202572.jpg,brown_spot,
202359.jpg,hispa,
202054.jpg,bacterial_leaf_streak,
203043.jpg,downy_mildew,
202114.jpg,downy_mildew,
201356.jpg,bacterial_panicle_blight,
200165.jpg,hispa,
200724.jpg,dead_heart,
200194.jpg,brown_spot,
201616.jpg,blast,
200373.jpg,normal,
200452.jpg,brown_spot,
203454.jpg,dead_heart,
202246.jpg,blast,
203321.jpg,blast,
200465.jpg,brown_spot,
202135.jpg,blast,
201178.jpg,downy_mildew,
202619.jpg,hispa,
202852.jpg,normal,
202026.jpg,normal,
201204.jpg,tungro,
200508.jpg,dead_heart,
202132.jpg,blast,
203415.jpg,tungro,
203090.jpg,bacterial_leaf_blight,
200082.jpg,dead_heart,
200515.jpg,dead_heart,
202925.jpg,dead_heart,
202924.jpg,blast,
202266.jpg,hispa,
202415.jpg,dead_heart,
203060.jpg,normal,
201626.jpg,dead_heart,
202188.jpg,blast,
201587.jpg,brown_spot,
201072.jpg,tungro,
201175.jpg,downy_mildew,
202494.jpg,normal,
201462.jpg,normal,
203308.jpg,dead_heart,
200908.jpg,blast,
200115.jpg,dead_heart,
200576.jpg,dead_heart,
202323.jpg,blast,
202856.jpg,blast,
200223.jpg,dead_heart,
202776.jpg,blast,
202463.jpg,blast,
201532.jpg,dead_heart,
202840.jpg,dead_heart,
203399.jpg,hispa,
202727.jpg,bacterial_panicle_blight,
202380.jpg,blast,
201544.jpg,dead_heart,
203409.jpg,dead_heart,
201878.jpg,normal,
200145.jpg,blast,
202220.jpg,blast,
200757.jpg,normal,
200231.jpg,brown_spot,
200186.jpg,blast,
200932.jpg,dead_heart,
201936.jpg,tungro,
202092.jpg,tungro,
203064.jpg,hispa,
200567.jpg,hispa,
200936.jpg,hispa,
201143.jpg,hispa,
201245.jpg,blast,
200845.jpg,bacterial_leaf_blight,
202543.jpg,hispa,
200547.jpg,hispa,
200129.jpg,blast,
202010.jpg,blast,
200853.jpg,bacterial_panicle_blight,
201117.jpg,downy_mildew,
201082.jpg,hispa,
200477.jpg,downy_mildew,
201270.jpg,blast,
202006.jpg,tungro,
202795.jpg,brown_spot,
201506.jpg,dead_heart,
203169.jpg,normal,
201555.jpg,blast,
201155.jpg,dead_heart,
202045.jpg,tungro,
201816.jpg,bacterial_leaf_streak,
201545.jpg,normal,
202505.jpg,normal,
202074.jpg,normal,
202707.jpg,normal,
202647.jpg,hispa,
203407.jpg,normal,
201815.jpg,tungro,
203174.jpg,dead_heart,
203133.jpg,bacterial_leaf_blight,
201810.jpg,bacterial_panicle_blight,
200232.jpg,normal,
201546.jpg,dead_heart,
201416.jpg,dead_heart,
203262.jpg,blast,
201414.jpg,brown_spot,
200018.jpg,downy_mildew,
201299.jpg,tungro,
200290.jpg,normal,
200022.jpg,tungro,
200578.jpg,dead_heart,
203316.jpg,hispa,
200841.jpg,brown_spot,
200614.jpg,bacterial_leaf_blight,
200799.jpg,dead_heart,
202927.jpg,dead_heart,
202091.jpg,normal,
200542.jpg,dead_heart,
202520.jpg,normal,
202343.jpg,blast,
201500.jpg,normal,
202656.jpg,normal,
202315.jpg,bacterial_leaf_blight,
202657.jpg,dead_heart,
202118.jpg,bacterial_panicle_blight,
202601.jpg,brown_spot,
200983.jpg,bacterial_leaf_streak,
201823.jpg,tungro,
200866.jpg,tungro,
202834.jpg,tungro,
201837.jpg,dead_heart,
201862.jpg,dead_heart,
202285.jpg,tungro,
202236.jpg,hispa,
200802.jpg,hispa,
201879.jpg,hispa,
202979.jpg,brown_spot,
203036.jpg,hispa,
202280.jpg,brown_spot,
203057.jpg,tungro,
201226.jpg,hispa,
202337.jpg,normal,
201060.jpg,bacterial_leaf_blight,
201630.jpg,normal,
200858.jpg,bacterial_leaf_blight,
200491.jpg,hispa,
201600.jpg,dead_heart,
200039.jpg,dead_heart,
202206.jpg,blast,
202022.jpg,downy_mildew,
202851.jpg,tungro,
202350.jpg,dead_heart,
203327.jpg,bacterial_leaf_streak,
202478.jpg,normal,
202491.jpg,tungro,
200280.jpg,hispa,
203003.jpg,tungro,
201649.jpg,hispa,
203436.jpg,hispa,
200616.jpg,brown_spot,
201832.jpg,dead_heart,
200412.jpg,tungro,
200520.jpg,hispa,
202264.jpg,blast,
201711.jpg,normal,
201153.jpg,brown_spot,
201508.jpg,normal,
200156.jpg,hispa,
202238.jpg,blast,
201221.jpg,bacterial_leaf_blight,
202740.jpg,dead_heart,
200532.jpg,normal,
202158.jpg,hispa,
201753.jpg,normal,
201316.jpg,tungro,
202423.jpg,tungro,
200225.jpg,hispa,
202004.jpg,blast,
200218.jpg,blast,
202152.jpg,tungro,
201180.jpg,brown_spot,
201341.jpg,hispa,
202569.jpg,normal,
201030.jpg,normal,
200227.jpg,dead_heart,
203127.jpg,tungro,
202113.jpg,hispa,
201090.jpg,brown_spot,
202961.jpg,bacterial_leaf_blight,
202662.jpg,normal,
201702.jpg,hispa,
202446.jpg,blast,
202116.jpg,hispa,
200512.jpg,hispa,
202255.jpg,dead_heart,
201070.jpg,tungro,
203347.jpg,hispa,
203195.jpg,dead_heart,
202203.jpg,dead_heart,
201856.jpg,dead_heart,
201364.jpg,hispa,
202106.jpg,tungro,
201939.jpg,blast,
202369.jpg,tungro,
200420.jpg,normal,
201339.jpg,tungro,
200990.jpg,blast,
201997.jpg,normal,
200825.jpg,tungro,
202755.jpg,hispa,
200931.jpg,dead_heart,
200440.jpg,hispa,
202813.jpg,normal,
201609.jpg,tungro,
202944.jpg,blast,
203011.jpg,dead_heart,
200267.jpg,tungro,
202456.jpg,tungro,
200078.jpg,bacterial_leaf_blight,
200880.jpg,blast,
202216.jpg,tungro,
202648.jpg,blast,
202912.jpg,tungro,
201785.jpg,hispa,
202775.jpg,dead_heart,
201305.jpg,hispa,
200490.jpg,dead_heart,
203358.jpg,blast,
200472.jpg,hispa,
201123.jpg,tungro,
201105.jpg,dead_heart,
203026.jpg,hispa,
201168.jpg,tungro,
200734.jpg,hispa,
201266.jpg,normal,
201418.jpg,dead_heart,
203018.jpg,tungro,
201581.jpg,tungro,
202885.jpg,downy_mildew,
200659.jpg,hispa,
202269.jpg,normal,
203233.jpg,bacterial_leaf_streak,
203067.jpg,bacterial_panicle_blight,
202311.jpg,blast,
202348.jpg,normal,
203263.jpg,blast,
203414.jpg,blast,
203357.jpg,downy_mildew,
200704.jpg,hispa,
203129.jpg,brown_spot,
203214.jpg,hispa,
200113.jpg,normal,
200197.jpg,normal,
201016.jpg,hispa,
200120.jpg,normal,
200539.jpg,blast,
202738.jpg,normal,
203405.jpg,blast,
201384.jpg,hispa,
202055.jpg,normal,
203289.jpg,brown_spot,
201976.jpg,hispa,
203340.jpg,brown_spot,
203223.jpg,blast,
200881.jpg,tungro,
202306.jpg,blast,
202435.jpg,blast,
200687.jpg,dead_heart,
203094.jpg,hispa,
202431.jpg,bacterial_leaf_blight,
200835.jpg,normal,
202057.jpg,hispa,
200930.jpg,tungro,
203015.jpg,blast,
203440.jpg,blast,
200038.jpg,tungro,
201246.jpg,tungro,
202845.jpg,tungro,
200333.jpg,hispa,
202088.jpg,hispa,
201896.jpg,hispa,
201292.jpg,hispa,
202084.jpg,downy_mildew,
202177.jpg,brown_spot,
203353.jpg,dead_heart,
201870.jpg,tungro,
201983.jpg,normal,
202722.jpg,normal,
200778.jpg,normal,
203207.jpg,dead_heart,
201158.jpg,normal,
202180.jpg,hispa,
202485.jpg,downy_mildew,
200281.jpg,brown_spot,
203183.jpg,normal,
202756.jpg,tungro,
200464.jpg,hispa,
203338.jpg,dead_heart,
202920.jpg,blast,
203275.jpg,brown_spot,
201761.jpg,blast,
202882.jpg,dead_heart,
200423.jpg,downy_mildew,
203063.jpg,normal,
200295.jpg,tungro,
202839.jpg,downy_mildew,
202871.jpg,normal,
200818.jpg,hispa,
201740.jpg,bacterial_leaf_blight,
201172.jpg,tungro,
200622.jpg,dead_heart,
202835.jpg,hispa,
203042.jpg,normal,
200709.jpg,dead_heart,
200978.jpg,bacterial_leaf_blight,
203332.jpg,downy_mildew,
200285.jpg,normal,
202686.jpg,normal,
200710.jpg,hispa,
202528.jpg,tungro,
200859.jpg,downy_mildew,
201152.jpg,blast,
201549.jpg,brown_spot,
200586.jpg,tungro,
201548.jpg,hispa,
200925.jpg,bacterial_leaf_streak,
202174.jpg,normal,
202823.jpg,dead_heart,
201444.jpg,hispa,
202705.jpg,dead_heart,
200188.jpg,bacterial_leaf_blight,
200721.jpg,downy_mildew,
202534.jpg,blast,
200528.jpg,dead_heart,
200955.jpg,blast,
203220.jpg,normal,
202504.jpg,dead_heart,
202932.jpg,dead_heart,
202746.jpg,normal,
200215.jpg,tungro,
202909.jpg,blast,
201365.jpg,blast,
202960.jpg,hispa,
203126.jpg,normal,
200572.jpg,normal,
200226.jpg,blast,
203189.jpg,brown_spot,
201438.jpg,hispa,
202725.jpg,blast,
201684.jpg,tungro,
200765.jpg,hispa,
202841.jpg,hispa,
200885.jpg,downy_mildew,
200901.jpg,normal,
201565.jpg,dead_heart,
200720.jpg,dead_heart,
202696.jpg,downy_mildew,
203421.jpg,normal,
201669.jpg,brown_spot,
200514.jpg,dead_heart,
200563.jpg,blast,
201614.jpg,hispa,
202515.jpg,blast,
203001.jpg,bacterial_panicle_blight,
201809.jpg,blast,
202547.jpg,blast,
202866.jpg,tungro,
202034.jpg,tungro,
201075.jpg,brown_spot,
200928.jpg,tungro,
202637.jpg,bacterial_leaf_streak,
203265.jpg,dead_heart,
200921.jpg,normal,
203202.jpg,tungro,
200385.jpg,hispa,
202087.jpg,hispa,
201796.jpg,normal,
202316.jpg,tungro,
202371.jpg,tungro,
200430.jpg,blast,
200803.jpg,dead_heart,
203461.jpg,normal,
201237.jpg,bacterial_leaf_streak,
200898.jpg,tungro,
200371.jpg,blast,
201260.jpg,downy_mildew,
203082.jpg,normal,
203141.jpg,normal,
202680.jpg,blast,
202991.jpg,normal,
201132.jpg,brown_spot,
200087.jpg,dead_heart,
201027.jpg,normal,
203073.jpg,brown_spot,
200046.jpg,bacterial_leaf_blight,
201843.jpg,hispa,
202254.jpg,normal,
200027.jpg,blast,
203234.jpg,tungro,
203140.jpg,dead_heart,
200984.jpg,bacterial_leaf_blight,
201307.jpg,blast,
200085.jpg,normal,
201249.jpg,hispa,
200148.jpg,blast,
203267.jpg,dead_heart,
201959.jpg,tungro,
200953.jpg,brown_spot,
200086.jpg,tungro,
202539.jpg,blast,
201104.jpg,downy_mildew,
202867.jpg,tungro,
200678.jpg,hispa,
202464.jpg,dead_heart,
203467.jpg,normal,
202551.jpg,hispa,
200493.jpg,dead_heart,
202149.jpg,normal,
201445.jpg,blast,
202178.jpg,normal,
200193.jpg,brown_spot,
203257.jpg,bacterial_leaf_streak,
200023.jpg,blast,
200399.jpg,brown_spot,
201434.jpg,blast,
203349.jpg,blast,
203083.jpg,hispa,
201678.jpg,normal,
202900.jpg,bacterial_panicle_blight,
203021.jpg,tungro,
202734.jpg,normal,
203044.jpg,blast,
201688.jpg,bacterial_leaf_streak,
200047.jpg,brown_spot,
200383.jpg,normal,
200221.jpg,dead_heart,
201726.jpg,tungro,
202509.jpg,blast,
202753.jpg,dead_heart,
202913.jpg,tungro,
201284.jpg,normal,
200883.jpg,dead_heart,
201576.jpg,brown_spot,
200552.jpg,blast,
202420.jpg,tungro,
200956.jpg,tungro,
201485.jpg,dead_heart,
202318.jpg,hispa,
201802.jpg,bacterial_leaf_blight,
202678.jpg,downy_mildew,
200569.jpg,hispa,
200911.jpg,brown_spot,
203201.jpg,hispa,
202019.jpg,downy_mildew,
202364.jpg,brown_spot,
203279.jpg,tungro,
200229.jpg,tungro,
202386.jpg,dead_heart,
200362.jpg,dead_heart,
201089.jpg,blast,
200060.jpg,hispa,
201929.jpg,downy_mildew,
201423.jpg,blast,
201991.jpg,blast,
200344.jpg,dead_heart,
201530.jpg,normal,
202597.jpg,downy_mildew,
200355.jpg,downy_mildew,
200258.jpg,hispa,
201610.jpg,hispa,
200601.jpg,dead_heart,
203171.jpg,bacterial_panicle_blight,
200530.jpg,hispa,
200015.jpg,normal,
203035.jpg,bacterial_leaf_blight,
200386.jpg,normal,
203161.jpg,blast,
200672.jpg,bacterial_panicle_blight,
202517.jpg,dead_heart,
201390.jpg,normal,
203113.jpg,blast,
201176.jpg,normal,
200854.jpg,dead_heart,
201556.jpg,tungro,
202477.jpg,downy_mildew,
201464.jpg,dead_heart,
201371.jpg,dead_heart,
200050.jpg,dead_heart,
202212.jpg,dead_heart,
200192.jpg,normal,
202530.jpg,hispa,
200300.jpg,blast,
201170.jpg,normal,
201141.jpg,brown_spot,
201541.jpg,brown_spot,
202248.jpg,blast,
200495.jpg,normal,
200960.jpg,dead_heart,
202093.jpg,brown_spot,
201015.jpg,normal,
201427.jpg,blast,
203406.jpg,blast,
201981.jpg,tungro,
201057.jpg,downy_mildew,
200076.jpg,dead_heart,
201031.jpg,bacterial_leaf_streak,
202652.jpg,normal,
200910.jpg,bacterial_panicle_blight,
202933.jpg,tungro,
201721.jpg,dead_heart,
200500.jpg,normal,
200391.jpg,brown_spot,
200139.jpg,blast,
201637.jpg,tungro,
201570.jpg,normal,
201803.jpg,blast,
201664.jpg,blast,
202027.jpg,bacterial_leaf_blight,
202125.jpg,blast,
201765.jpg,hispa,
201406.jpg,tungro,
200948.jpg,blast,
200159.jpg,normal,
201942.jpg,downy_mildew,
202836.jpg,blast,
202947.jpg,downy_mildew,
200006.jpg,normal,
203138.jpg,hispa,
201755.jpg,bacterial_leaf_blight,
201974.jpg,blast,
201715.jpg,bacterial_leaf_blight,
201672.jpg,normal,
201144.jpg,tungro,
201713.jpg,hispa,
202794.jpg,normal,
202119.jpg,blast,
200728.jpg,brown_spot,
200279.jpg,hispa,
200884.jpg,brown_spot,
203005.jpg,dead_heart,
201865.jpg,blast,
203029.jpg,blast,
202817.jpg,blast,
200446.jpg,hispa,
200366.jpg,blast,
202875.jpg,dead_heart,
202629.jpg,normal,
202299.jpg,tungro,
202405.jpg,dead_heart,
201101.jpg,dead_heart,
201867.jpg,tungro,
201325.jpg,brown_spot,
202346.jpg,hispa,
200970.jpg,tungro,
203422.jpg,normal,
200276.jpg,dead_heart,
201863.jpg,brown_spot,
200820.jpg,brown_spot,
200759.jpg,blast,
202525.jpg,blast,
202948.jpg,blast,
201223.jpg,dead_heart,
201314.jpg,brown_spot,
200954.jpg,hispa,
200370.jpg,blast,
200002.jpg,normal,
200389.jpg,dead_heart,
201586.jpg,hispa,
200637.jpg,blast,
202031.jpg,tungro,
202918.jpg,normal,
202347.jpg,brown_spot,
202210.jpg,normal,
201674.jpg,brown_spot,
201635.jpg,tungro,
200524.jpg,tungro,
200643.jpg,hispa,
200274.jpg,hispa,
200652.jpg,brown_spot,
200147.jpg,dead_heart,
201308.jpg,hispa,
201269.jpg,dead_heart,
200511.jpg,downy_mildew,
202012.jpg,brown_spot,
201520.jpg,bacterial_leaf_blight,
203282.jpg,downy_mildew,
201291.jpg,tungro,
201582.jpg,brown_spot,
201550.jpg,blast,
200379.jpg,blast,
200359.jpg,normal,
202448.jpg,dead_heart,
201189.jpg,hispa,
203272.jpg,normal,
202908.jpg,normal,
200745.jpg,downy_mildew,
201321.jpg,normal,
203328.jpg,brown_spot,
201509.jpg,bacterial_leaf_blight,
202679.jpg,tungro,
202404.jpg,hispa,
202910.jpg,dead_heart,
202061.jpg,brown_spot,
200912.jpg,dead_heart,
202324.jpg,normal,
201367.jpg,blast,
200314.jpg,hispa,
201373.jpg,dead_heart,
201784.jpg,dead_heart,
200973.jpg,blast,
202321.jpg,downy_mildew,
201381.jpg,tungro,
202336.jpg,normal,
203143.jpg,blast,
202335.jpg,normal,
201985.jpg,normal,
201049.jpg,bacterial_panicle_blight,
202998.jpg,dead_heart,
202709.jpg,dead_heart,
201068.jpg,blast,
201217.jpg,dead_heart,
200830.jpg,blast,
202521.jpg,dead_heart,
200562.jpg,tungro,
203004.jpg,tungro,
202417.jpg,normal,
203254.jpg,dead_heart,
201411.jpg,dead_heart,
202267.jpg,normal,
203087.jpg,hispa,
200167.jpg,blast,
203394.jpg,normal,
201964.jpg,normal,
202688.jpg,normal,
203306.jpg,dead_heart,
202654.jpg,blast,
200396.jpg,blast,
201670.jpg,hispa,
203364.jpg,tungro,
202414.jpg,normal,
201400.jpg,dead_heart,
200339.jpg,dead_heart,
200834.jpg,hispa,
200971.jpg,dead_heart,
202279.jpg,tungro,
202831.jpg,normal,
201596.jpg,normal,
201088.jpg,tungro,
203164.jpg,dead_heart,
200442.jpg,dead_heart,
200504.jpg,hispa,
200266.jpg,blast,
200449.jpg,blast,
202003.jpg,normal,
202642.jpg,normal,
203372.jpg,hispa,
202183.jpg,hispa,
202333.jpg,dead_heart,
200224.jpg,normal,
202307.jpg,tungro,
203155.jpg,bacterial_leaf_streak,
201041.jpg,hispa,
201996.jpg,hispa,
202946.jpg,brown_spot,
202375.jpg,normal,
202043.jpg,normal,
200121.jpg,dead_heart,
201086.jpg,dead_heart,
200719.jpg,blast,
201834.jpg,blast,
203007.jpg,downy_mildew,
202292.jpg,blast,
202482.jpg,dead_heart,
202595.jpg,hispa,
201663.jpg,downy_mildew,
200767.jpg,blast,
201182.jpg,tungro,
201505.jpg,dead_heart,
200992.jpg,normal,
203160.jpg,normal,
202633.jpg,tungro,
201372.jpg,tungro,
202011.jpg,blast,
201145.jpg,blast,
200694.jpg,blast,
203177.jpg,tungro,
200067.jpg,brown_spot,
203181.jpg,dead_heart,
203236.jpg,dead_heart,
203413.jpg,normal,
202109.jpg,hispa,
201612.jpg,dead_heart,
200587.jpg,dead_heart,
200032.jpg,dead_heart,
203419.jpg,bacterial_leaf_blight,
200915.jpg,normal,
201476.jpg,dead_heart,
203370.jpg,brown_spot,
203076.jpg,blast,
202804.jpg,hispa,
202090.jpg,hispa,
201817.jpg,tungro,
200190.jpg,normal,
203241.jpg,blast,
201638.jpg,dead_heart,
201020.jpg,downy_mildew,
202076.jpg,normal,
201238.jpg,tungro,
201694.jpg,tungro,
201521.jpg,tungro,
201008.jpg,dead_heart,
202201.jpg,hispa,
202854.jpg,hispa,
201398.jpg,tungro,
203153.jpg,hispa,
201159.jpg,blast,
201209.jpg,blast,
201887.jpg,blast,
200763.jpg,downy_mildew,
201139.jpg,blast,
201295.jpg,dead_heart,
200619.jpg,tungro,
202207.jpg,blast,
201786.jpg,blast,
200658.jpg,dead_heart,
203120.jpg,dead_heart,
203386.jpg,downy_mildew,
201592.jpg,hispa,
201211.jpg,bacterial_panicle_blight,
201061.jpg,bacterial_leaf_streak,
200044.jpg,hispa,
202962.jpg,tungro,
202211.jpg,normal,
202490.jpg,brown_spot,
203225.jpg,brown_spot,
202818.jpg,dead_heart,
203356.jpg,tungro,
201511.jpg,tungro,
200081.jpg,dead_heart,
200831.jpg,dead_heart,
200546.jpg,normal,
200203.jpg,hispa,
201778.jpg,normal,
201047.jpg,blast,
202894.jpg,normal,
200623.jpg,blast,
200416.jpg,blast,
203457.jpg,blast,
202649.jpg,bacterial_leaf_blight,
203038.jpg,dead_heart,
201254.jpg,bacterial_leaf_blight,
202444.jpg,hispa,
200839.jpg,brown_spot,
202308.jpg,hispa,
202682.jpg,blast,
202194.jpg,tungro,
201343.jpg,hispa,
200540.jpg,downy_mildew,
200640.jpg,tungro,
202536.jpg,brown_spot,
200017.jpg,blast,
202558.jpg,hispa,
200752.jpg,bacterial_leaf_blight,
200152.jpg,blast,
201456.jpg,brown_spot,
202599.jpg,downy_mildew,
202273.jpg,normal,
200088.jpg,normal,
203013.jpg,hispa,
203066.jpg,hispa,
202172.jpg,normal,
202033.jpg,tungro,
201019.jpg,normal,
201294.jpg,blast,
200242.jpg,brown_spot,
200308.jpg,normal,
200518.jpg,hispa,
200254.jpg,dead_heart,
203104.jpg,dead_heart,
203284.jpg,normal,
202803.jpg,dead_heart,
201791.jpg,hispa,
200259.jpg,dead_heart,
201420.jpg,dead_heart,
202757.jpg,downy_mildew,
201073.jpg,dead_heart,
200239.jpg,hispa,
200750.jpg,hispa,
203307.jpg,blast,
203268.jpg,bacterial_leaf_blight,
200096.jpg,tungro,
203382.jpg,bacterial_leaf_streak,
201119.jpg,blast,
202644.jpg,dead_heart,
200310.jpg,tungro,
202928.jpg,normal,
201737.jpg,hispa,
203222.jpg,hispa,
203077.jpg,bacterial_leaf_blight,
200991.jpg,blast,
200843.jpg,hispa,
203190.jpg,hispa,
200070.jpg,dead_heart,
201738.jpg,normal,
202433.jpg,blast,
201164.jpg,dead_heart,
200485.jpg,dead_heart,
202844.jpg,blast,
200510.jpg,tungro,
202372.jpg,normal,
202974.jpg,blast,
202044.jpg,bacterial_panicle_blight,
200397.jpg,blast,
202723.jpg,normal,
202492.jpg,hispa,
203323.jpg,downy_mildew,
202136.jpg,dead_heart,
202877.jpg,brown_spot,
200340.jpg,dead_heart,
200365.jpg,normal,
200248.jpg,normal,
202430.jpg,brown_spot,
200560.jpg,normal,
200607.jpg,normal,
201762.jpg,bacterial_leaf_blight,
202105.jpg,normal,
202624.jpg,tungro,
200164.jpg,bacterial_leaf_streak,
202432.jpg,bacterial_leaf_blight,
202489.jpg,dead_heart,
200059.jpg,normal,
201256.jpg,blast,
203417.jpg,normal,
200320.jpg,blast,
202533.jpg,normal,
202968.jpg,blast,
200723.jpg,hispa,
203463.jpg,hispa,
201646.jpg,tungro,
200016.jpg,blast,
202140.jpg,dead_heart,
202327.jpg,blast,
200615.jpg,bacterial_leaf_blight,
203117.jpg,downy_mildew,
202887.jpg,normal,
202402.jpg,hispa,
200180.jpg,tungro,
202154.jpg,dead_heart,
200200.jpg,dead_heart,
200187.jpg,hispa,
202666.jpg,dead_heart,
200602.jpg,tungro,
202774.jpg,normal,
202080.jpg,dead_heart,
202950.jpg,brown_spot,
200529.jpg,hispa,
203412.jpg,hispa,
202531.jpg,hispa,
202381.jpg,blast,
201885.jpg,dead_heart,
200434.jpg,tungro,
202677.jpg,blast,
200183.jpg,normal,
200543.jpg,dead_heart,
202714.jpg,downy_mildew,
201618.jpg,blast,
200474.jpg,bacterial_leaf_blight,
200688.jpg,bacterial_leaf_blight,
202258.jpg,downy_mildew,
201948.jpg,bacterial_leaf_streak,
203281.jpg,dead_heart,
203022.jpg,tungro,
201718.jpg,tungro,
201757.jpg,dead_heart,
203176.jpg,dead_heart,
202378.jpg,downy_mildew,
202166.jpg,tungro,
203459.jpg,hispa,
200116.jpg,hispa,
203400.jpg,tungro,
200800.jpg,bacterial_leaf_blight,
200781.jpg,bacterial_panicle_blight,
200048.jpg,brown_spot,
203322.jpg,hispa,
202395.jpg,bacterial_leaf_streak,
201572.jpg,bacterial_leaf_blight,
200963.jpg,dead_heart,
201748.jpg,tungro,
201847.jpg,dead_heart,
200270.jpg,tungro,
201790.jpg,tungro,
200402.jpg,normal,
200770.jpg,tungro,
202566.jpg,tungro,
200338.jpg,downy_mildew,
201227.jpg,hispa,
202983.jpg,dead_heart,
202729.jpg,hispa,
200479.jpg,normal,
200136.jpg,brown_spot,
201633.jpg,hispa,
201191.jpg,dead_heart,
203095.jpg,hispa,
200174.jpg,hispa,
200730.jpg,bacterial_leaf_streak,
202605.jpg,blast,
200075.jpg,dead_heart,
203219.jpg,dead_heart,
201911.jpg,blast,
201531.jpg,hispa,
202428.jpg,blast,
202014.jpg,dead_heart,
201631.jpg,bacterial_leaf_streak,
201716.jpg,hispa,
200142.jpg,bacterial_leaf_blight,
203054.jpg,normal,
201647.jpg,tungro,
202271.jpg,tungro,
201255.jpg,hispa,
201349.jpg,hispa,
201680.jpg,brown_spot,
202100.jpg,tungro,
201876.jpg,blast,
202953.jpg,bacterial_panicle_blight,
201629.jpg,dead_heart,
201084.jpg,hispa,
202424.jpg,downy_mildew,
200372.jpg,normal,
203112.jpg,dead_heart,
201311.jpg,brown_spot,
201025.jpg,downy_mildew,
200985.jpg,hispa,
202496.jpg,dead_heart,
201645.jpg,downy_mildew,
200789.jpg,tungro,
201250.jpg,bacterial_leaf_blight,
200699.jpg,bacterial_panicle_blight,
202244.jpg,blast,
200938.jpg,tungro,
201799.jpg,normal,
201493.jpg,tungro,
201766.jpg,bacterial_leaf_streak,
201994.jpg,hispa,
203045.jpg,hispa,
202086.jpg,blast,
201214.jpg,downy_mildew,
201029.jpg,hispa,
201187.jpg,blast,
203238.jpg,normal,
202338.jpg,brown_spot,
201958.jpg,normal,
202447.jpg,hispa,
202227.jpg,blast,
202078.jpg,tungro,
202133.jpg,hispa,
202454.jpg,blast,
200313.jpg,normal,
202552.jpg,bacterial_leaf_blight,
201113.jpg,hispa,
202501.jpg,tungro,
201222.jpg,bacterial_leaf_blight,
200418.jpg,normal,
201611.jpg,normal,
202142.jpg,hispa,
200871.jpg,tungro,
200941.jpg,blast,
203242.jpg,blast,
201484.jpg,dead_heart,
201839.jpg,brown_spot,
200107.jpg,tungro,
203088.jpg,blast,
202032.jpg,normal,
201106.jpg,tungro,
200169.jpg,tungro,
201569.jpg,hispa,
202115.jpg,normal,
200618.jpg,hispa,
200889.jpg,downy_mildew,
201133.jpg,hispa,
202365.jpg,blast,
202807.jpg,brown_spot,
200667.jpg,blast,
200849.jpg,dead_heart,
202592.jpg,normal,
202047.jpg,tungro,
202345.jpg,blast,
201747.jpg,dead_heart,
203192.jpg,blast,
202695.jpg,blast,
202606.jpg,tungro,
201378.jpg,brown_spot,
200395.jpg,hispa,
202385.jpg,normal,
202160.jpg,normal,
201460.jpg,tungro,
200405.jpg,brown_spot,
201264.jpg,hispa,
202587.jpg,blast,
200774.jpg,normal,
201526.jpg,dead_heart,
201580.jpg,tungro,
202192.jpg,normal,
200579.jpg,dead_heart,
203301.jpg,blast,
200233.jpg,blast,
200137.jpg,bacterial_leaf_streak,
200368.jpg,brown_spot,
202967.jpg,blast,
201657.jpg,normal,
202304.jpg,downy_mildew,
200535.jpg,hispa,
201999.jpg,hispa,
200987.jpg,brown_spot,
200470.jpg,hispa,
200783.jpg,dead_heart,
202700.jpg,tungro,
202579.jpg,tungro,
200168.jpg,tungro,
200685.jpg,downy_mildew,
201763.jpg,normal,
203030.jpg,dead_heart,
202780.jpg,bacterial_leaf_blight,
203186.jpg,blast,
203124.jpg,brown_spot,
200544.jpg,blast,
201496.jpg,hispa,
201566.jpg,bacterial_leaf_blight,
203381.jpg,blast,
202987.jpg,normal,
203055.jpg,dead_heart,
200268.jpg,hispa,
200451.jpg,dead_heart,
203221.jpg,blast,
202409.jpg,tungro,
200238.jpg,blast,
200036.jpg,normal,
201968.jpg,dead_heart,
201247.jpg,brown_spot,
201108.jpg,blast,
200057.jpg,hispa,
201527.jpg,tungro,
201184.jpg,brown_spot,
202627.jpg,tungro,
202857.jpg,hispa,
202175.jpg,blast,
200198.jpg,blast,
201696.jpg,normal,
202770.jpg,blast,
203288.jpg,bacterial_panicle_blight,
200553.jpg,tungro,
202101.jpg,normal,
200875.jpg,blast,
201017.jpg,blast,
203251.jpg,hispa,
203180.jpg,hispa,
203270.jpg,normal,
202481.jpg,dead_heart,
201130.jpg,hispa,
200574.jpg,blast,
201933.jpg,bacterial_leaf_streak,
202291.jpg,normal,
200062.jpg,tungro,
202332.jpg,dead_heart,
200907.jpg,normal,
201904.jpg,dead_heart,
200522.jpg,dead_heart,
200982.jpg,tungro,
201604.jpg,blast,
203264.jpg,normal,
200157.jpg,normal,
203269.jpg,normal,
201640.jpg,bacterial_panicle_blight,
202018.jpg,blast,
202828.jpg,normal,
200222.jpg,blast,
201703.jpg,hispa,
200251.jpg,downy_mildew,
202730.jpg,hispa,
200414.jpg,dead_heart,
201359.jpg,normal,
200826.jpg,tungro,
