image_id,label,,,,,
200001.jpg,downy_mildew,,,,,
200002.jpg,normal,,,,,
200003.jpg,normal,,,,,
200004.jpg,blast,,,,,
200005.jpg,downy_mildew,,,,,
200006.jpg,normal,,,,,
200007.jpg,downy_mildew,,,,,
200008.jpg,downy_mildew,,,,,
200009.jpg,blast,,,,,
200010.jpg,downy_mildew,,,,,
200011.jpg,hispa,,,,,
200012.jpg,downy_mildew,,,,,
200013.jpg,normal,,,,,
200014.jpg,bacterial_leaf_blight,,,,,
200015.jpg,normal,,,,,
200016.jpg,downy_mildew,,,,,
200017.jpg,blast,,,,,
200018.jpg,downy_mildew,,,,,
200019.jpg,hispa,,,,,
200020.jpg,dead_heart,,,,,
200021.jpg,hispa,,,,,
200022.jpg,normal,,,,,
200023.jpg,downy_mildew,,,,,
200024.jpg,tungro,,,,,
200025.jpg,downy_mildew,,,,,
200026.jpg,downy_mildew,,,,,
200027.jpg,blast,,,,,
200028.jpg,downy_mildew,,,,,
200029.jpg,dead_heart,,,,,
200030.jpg,downy_mildew,,,,,
200031.jpg,hispa,,,,,
200032.jpg,dead_heart,,,,,
200033.jpg,downy_mildew,,,,,
200034.jpg,blast,,,,,
200035.jpg,bacterial_leaf_blight,,,,,
200036.jpg,downy_mildew,,,,,
200037.jpg,downy_mildew,,,,,
200038.jpg,tungro,,,,,
200039.jpg,hispa,,,,,
200040.jpg,normal,,,,,
200041.jpg,tungro,,,,,
200042.jpg,downy_mildew,,,,,
200043.jpg,downy_mildew,,,,,
200044.jpg,downy_mildew,,,,,
200045.jpg,normal,,,,,
200046.jpg,brown_spot,,,,,
200047.jpg,bacterial_leaf_blight,,,,,
200048.jpg,downy_mildew,,,,,
200049.jpg,hispa,,,,,
200050.jpg,downy_mildew,,,,,
200051.jpg,tungro,,,,,
200052.jpg,downy_mildew,,,,,
200053.jpg,downy_mildew,,,,,
200054.jpg,normal,,,,,
200055.jpg,hispa,,,,,
200056.jpg,normal,,,,,
200057.jpg,downy_mildew,,,,,
200058.jpg,blast,,,,,
200059.jpg,normal,,,,,
200060.jpg,downy_mildew,,,,,
200061.jpg,dead_heart,,,,,
200062.jpg,tungro,,,,,
200063.jpg,downy_mildew,,,,,
200064.jpg,downy_mildew,,,,,
200065.jpg,downy_mildew,,,,,
200066.jpg,hispa,,,,,
200067.jpg,hispa,,,,,
200068.jpg,hispa,,,,,
200069.jpg,dead_heart,,,,,
200070.jpg,hispa,,,,,
200071.jpg,hispa,,,,,
200072.jpg,downy_mildew,,,,,
200073.jpg,downy_mildew,,,,,
200074.jpg,downy_mildew,,,,,
200075.jpg,tungro,,,,,
200076.jpg,downy_mildew,,,,,
200077.jpg,normal,,,,,
200078.jpg,downy_mildew,,,,,
200079.jpg,normal,,,,,
200080.jpg,blast,,,,,
200081.jpg,brown_spot,,,,,
200082.jpg,downy_mildew,,,,,
200083.jpg,brown_spot,,,,,
200084.jpg,bacterial_leaf_blight,,,,,
200085.jpg,downy_mildew,,,,,
200086.jpg,downy_mildew,,,,,
200087.jpg,tungro,,,,,
200088.jpg,downy_mildew,,,,,
200089.jpg,tungro,,,,,
200090.jpg,dead_heart,,,,,
200091.jpg,hispa,,,,,
200092.jpg,downy_mildew,,,,,
200093.jpg,hispa,,,,,
200094.jpg,normal,,,,,
200095.jpg,normal,,,,,
200096.jpg,downy_mildew,,,,,
200097.jpg,hispa,,,,,
200098.jpg,normal,,,,,
200099.jpg,dead_heart,,,,,
200100.jpg,downy_mildew,,,,,
200101.jpg,bacterial_leaf_blight,,,,,
200102.jpg,downy_mildew,,,,,
200103.jpg,dead_heart,,,,,
200104.jpg,dead_heart,,,,,
200105.jpg,normal,,,,,
200106.jpg,downy_mildew,,,,,
200107.jpg,downy_mildew,,,,,
200108.jpg,tungro,,,,,
200109.jpg,blast,,,,,
200110.jpg,bacterial_leaf_blight,,,,,
200111.jpg,brown_spot,,,,,
200112.jpg,downy_mildew,,,,,
200113.jpg,normal,,,,,
200114.jpg,normal,,,,,
200115.jpg,dead_heart,,,,,
200116.jpg,normal,,,,,
200117.jpg,normal,,,,,
200118.jpg,dead_heart,,,,,
200119.jpg,hispa,,,,,
200120.jpg,normal,,,,,
200121.jpg,downy_mildew,,,,,
200122.jpg,downy_mildew,,,,,
200123.jpg,hispa,,,,,
200124.jpg,blast,,,,,
200125.jpg,blast,,,,,
200126.jpg,normal,,,,,
200127.jpg,blast,,,,,
200128.jpg,normal,,,,,
200129.jpg,normal,,,,,
200130.jpg,hispa,,,,,
200131.jpg,blast,,,,,
200132.jpg,downy_mildew,,,,,
200133.jpg,downy_mildew,,,,,
200134.jpg,normal,,,,,
200135.jpg,brown_spot,,,,,
200136.jpg,normal,,,,,
200137.jpg,blast,,,,,
200138.jpg,blast,,,,,
200139.jpg,downy_mildew,,,,,
200140.jpg,normal,,,,,
200141.jpg,brown_spot,,,,,
200142.jpg,normal,,,,,
200143.jpg,blast,,,,,
200144.jpg,brown_spot,,,,,
200145.jpg,brown_spot,,,,,
200146.jpg,hispa,,,,,
200147.jpg,downy_mildew,,,,,
200148.jpg,downy_mildew,,,,,
200149.jpg,dead_heart,,,,,
200150.jpg,bacterial_leaf_blight,,,,,
200151.jpg,hispa,,,,,
200152.jpg,dead_heart,,,,,
200153.jpg,downy_mildew,,,,,
200154.jpg,blast,,,,,
200155.jpg,downy_mildew,,,,,
200156.jpg,downy_mildew,,,,,
200157.jpg,normal,,,,,
200158.jpg,downy_mildew,,,,,
200159.jpg,normal,,,,,
200160.jpg,downy_mildew,,,,,
200161.jpg,downy_mildew,,,,,
200162.jpg,downy_mildew,,,,,
200163.jpg,hispa,,,,,
200164.jpg,downy_mildew,,,,,
200165.jpg,dead_heart,,,,,
200166.jpg,hispa,,,,,
200167.jpg,normal,,,,,
200168.jpg,downy_mildew,,,,,
200169.jpg,downy_mildew,,,,,
200170.jpg,blast,,,,,
200171.jpg,dead_heart,,,,,
200172.jpg,dead_heart,,,,,
200173.jpg,downy_mildew,,,,,
200174.jpg,hispa,,,,,
200175.jpg,bacterial_leaf_blight,,,,,
200176.jpg,downy_mildew,,,,,
200177.jpg,bacterial_leaf_blight,,,,,
200178.jpg,hispa,,,,,
200179.jpg,normal,,,,,
200180.jpg,downy_mildew,,,,,
200181.jpg,normal,,,,,
200182.jpg,downy_mildew,,,,,
200183.jpg,normal,,,,,
200184.jpg,hispa,,,,,
200185.jpg,downy_mildew,,,,,
200186.jpg,blast,,,,,
200187.jpg,hispa,,,,,
200188.jpg,downy_mildew,,,,,
200189.jpg,dead_heart,,,,,
200190.jpg,normal,,,,,
200191.jpg,normal,,,,,
200192.jpg,downy_mildew,,,,,
200193.jpg,normal,,,,,
200194.jpg,downy_mildew,,,,,
200195.jpg,downy_mildew,,,,,
200196.jpg,brown_spot,,,,,
200197.jpg,downy_mildew,,,,,
200198.jpg,hispa,,,,,
200199.jpg,downy_mildew,,,,,
200200.jpg,dead_heart,,,,,
200201.jpg,tungro,,,,,
200202.jpg,tungro,,,,,
200203.jpg,blast,,,,,
200204.jpg,downy_mildew,,,,,
200205.jpg,downy_mildew,,,,,
200206.jpg,normal,,,,,
200207.jpg,downy_mildew,,,,,
200208.jpg,normal,,,,,
200209.jpg,hispa,,,,,
200210.jpg,brown_spot,,,,,
200211.jpg,tungro,,,,,
200212.jpg,downy_mildew,,,,,
200213.jpg,normal,,,,,
200214.jpg,downy_mildew,,,,,
200215.jpg,tungro,,,,,
200216.jpg,bacterial_leaf_blight,,,,,
200217.jpg,blast,,,,,
200218.jpg,blast,,,,,
200219.jpg,normal,,,,,
200220.jpg,blast,,,,,
200221.jpg,dead_heart,,,,,
200222.jpg,downy_mildew,,,,,
200223.jpg,blast,,,,,
200224.jpg,normal,,,,,
200225.jpg,normal,,,,,
200226.jpg,tungro,,,,,
200227.jpg,dead_heart,,,,,
200228.jpg,dead_heart,,,,,
200229.jpg,normal,,,,,
200230.jpg,downy_mildew,,,,,
200231.jpg,downy_mildew,,,,,
200232.jpg,normal,,,,,
200233.jpg,tungro,,,,,
200234.jpg,downy_mildew,,,,,
200235.jpg,downy_mildew,,,,,
200236.jpg,blast,,,,,
200237.jpg,tungro,,,,,
200238.jpg,hispa,,,,,
200239.jpg,blast,,,,,
200240.jpg,downy_mildew,,,,,
200241.jpg,brown_spot,,,,,
200242.jpg,tungro,,,,,
200243.jpg,downy_mildew,,,,,
200244.jpg,downy_mildew,,,,,
200245.jpg,downy_mildew,,,,,
200246.jpg,downy_mildew,,,,,
200247.jpg,normal,,,,,
200248.jpg,normal,,,,,
200249.jpg,tungro,,,,,
200250.jpg,downy_mildew,,,,,
200251.jpg,downy_mildew,,,,,
200252.jpg,downy_mildew,,,,,
200253.jpg,tungro,,,,,
200254.jpg,dead_heart,,,,,
200255.jpg,tungro,,,,,
200256.jpg,blast,,,,,
200257.jpg,blast,,,,,
200258.jpg,hispa,,,,,
200259.jpg,dead_heart,,,,,
200260.jpg,dead_heart,,,,,
200261.jpg,downy_mildew,,,,,
200262.jpg,normal,,,,,
200263.jpg,blast,,,,,
200264.jpg,tungro,,,,,
200265.jpg,normal,,,,,
200266.jpg,blast,,,,,
200267.jpg,downy_mildew,,,,,
200268.jpg,normal,,,,,
200269.jpg,hispa,,,,,
200270.jpg,normal,,,,,
200271.jpg,downy_mildew,,,,,
200272.jpg,downy_mildew,,,,,
200273.jpg,normal,,,,,
200274.jpg,downy_mildew,,,,,
200275.jpg,normal,,,,,
200276.jpg,downy_mildew,,,,,
200277.jpg,normal,,,,,
200278.jpg,downy_mildew,,,,,
200279.jpg,blast,,,,,
200280.jpg,downy_mildew,,,,,
200281.jpg,blast,,,,,
200282.jpg,normal,,,,,
200283.jpg,downy_mildew,,,,,
200284.jpg,downy_mildew,,,,,
200285.jpg,normal,,,,,
200286.jpg,downy_mildew,,,,,
200287.jpg,tungro,,,,,
200288.jpg,downy_mildew,,,,,
200289.jpg,normal,,,,,
200290.jpg,normal,,,,,
200291.jpg,downy_mildew,,,,,
200292.jpg,normal,,,,,
200293.jpg,normal,,,,,
200294.jpg,downy_mildew,,,,,
200295.jpg,downy_mildew,,,,,
200296.jpg,downy_mildew,,,,,
200297.jpg,hispa,,,,,
200298.jpg,blast,,,,,
200299.jpg,normal,,,,,
200300.jpg,downy_mildew,,,,,
200301.jpg,tungro,,,,,
200302.jpg,downy_mildew,,,,,
200303.jpg,normal,,,,,
200304.jpg,downy_mildew,,,,,
200305.jpg,bacterial_leaf_blight,,,,,
200306.jpg,downy_mildew,,,,,
200307.jpg,downy_mildew,,,,,
200308.jpg,normal,,,,,
200309.jpg,normal,,,,,
200310.jpg,tungro,,,,,
200311.jpg,normal,,,,,
200312.jpg,normal,,,,,
200313.jpg,downy_mildew,,,,,
200314.jpg,downy_mildew,,,,,
200315.jpg,downy_mildew,,,,,
200316.jpg,normal,,,,,
200317.jpg,hispa,,,,,
200318.jpg,hispa,,,,,
200319.jpg,normal,,,,,
200320.jpg,downy_mildew,,,,,
200321.jpg,hispa,,,,,
200322.jpg,dead_heart,,,,,
200323.jpg,normal,,,,,
200324.jpg,normal,,,,,
200325.jpg,normal,,,,,
200326.jpg,downy_mildew,,,,,
200327.jpg,blast,,,,,
200328.jpg,downy_mildew,,,,,
200329.jpg,hispa,,,,,
200330.jpg,downy_mildew,,,,,
200331.jpg,dead_heart,,,,,
200332.jpg,downy_mildew,,,,,
200333.jpg,downy_mildew,,,,,
200334.jpg,brown_spot,,,,,
200335.jpg,bacterial_leaf_blight,,,,,
200336.jpg,downy_mildew,,,,,
200337.jpg,normal,,,,,
200338.jpg,downy_mildew,,,,,
200339.jpg,blast,,,,,
200340.jpg,hispa,,,,,
200341.jpg,normal,,,,,
200342.jpg,tungro,,,,,
200343.jpg,downy_mildew,,,,,
200344.jpg,tungro,,,,,
200345.jpg,downy_mildew,,,,,
200346.jpg,tungro,,,,,
200347.jpg,normal,,,,,
200348.jpg,hispa,,,,,
200349.jpg,downy_mildew,,,,,
200350.jpg,tungro,,,,,
200351.jpg,blast,,,,,
200352.jpg,blast,,,,,
200353.jpg,downy_mildew,,,,,
200354.jpg,downy_mildew,,,,,
200355.jpg,downy_mildew,,,,,
200356.jpg,downy_mildew,,,,,
200357.jpg,blast,,,,,0
200358.jpg,downy_mildew,,,,,
200359.jpg,normal,,,,,
200360.jpg,tungro,,,,,
200361.jpg,tungro,,,,,
200362.jpg,dead_heart,,,,,
200363.jpg,downy_mildew,,,,,
200364.jpg,blast,,,,,
200365.jpg,normal,,,,,
200366.jpg,tungro,,,,,
200367.jpg,normal,,,,,
200368.jpg,brown_spot,,,,,
200369.jpg,downy_mildew,,,,,
200370.jpg,tungro,,,,,
200371.jpg,hispa,,,,,
200372.jpg,normal,,,,,
200373.jpg,normal,,,,,
200374.jpg,downy_mildew,,,,,
200375.jpg,normal,,,,,
200376.jpg,normal,,,,,
200377.jpg,normal,,,,,
200378.jpg,dead_heart,,,,,
200379.jpg,downy_mildew,,,,,
200380.jpg,downy_mildew,,,,,
200381.jpg,downy_mildew,,,,,
200382.jpg,downy_mildew,,,,,
200383.jpg,normal,,,,,
200384.jpg,blast,,,,,
200385.jpg,hispa,,,,,
200386.jpg,normal,,,,,
200387.jpg,dead_heart,,,,,
200388.jpg,normal,,,,,
200389.jpg,dead_heart,,,,,
200390.jpg,normal,,,,,
200391.jpg,downy_mildew,,,,,
200392.jpg,dead_heart,,,,,
200393.jpg,brown_spot,,,,,
200394.jpg,tungro,,,,,
200395.jpg,downy_mildew,,,,,
200396.jpg,normal,,,,,
200397.jpg,normal,,,,,
200398.jpg,normal,,,,,
200399.jpg,downy_mildew,,,,,
200400.jpg,downy_mildew,,,,,
200401.jpg,brown_spot,,,,,
200402.jpg,normal,,,,,
200403.jpg,downy_mildew,,,,,
200404.jpg,normal,,,,,
200405.jpg,downy_mildew,,,,,
200406.jpg,hispa,,,,,
200407.jpg,downy_mildew,,,,,
200408.jpg,dead_heart,,,,,
200409.jpg,downy_mildew,,,,,
200410.jpg,downy_mildew,,,,,
200411.jpg,hispa,,,,,
200412.jpg,downy_mildew,,,,,
200413.jpg,downy_mildew,,,,,
200414.jpg,bacterial_leaf_blight,,,,,
200415.jpg,tungro,,,,,
200416.jpg,downy_mildew,,,,,
200417.jpg,downy_mildew,,,,,
200418.jpg,normal,,,,,
200419.jpg,downy_mildew,,,,,
200420.jpg,downy_mildew,,,,,
200421.jpg,normal,,,,,
200422.jpg,downy_mildew,,,,,
200423.jpg,hispa,,,,,
200424.jpg,brown_spot,,,,,
200425.jpg,normal,,,,,
200426.jpg,brown_spot,,,,,
200427.jpg,normal,,,,,
200428.jpg,downy_mildew,,,,,
200429.jpg,blast,,,,,
200430.jpg,downy_mildew,,,,,
200431.jpg,downy_mildew,,,,,
200432.jpg,tungro,,,,,
200433.jpg,hispa,,,,,
200434.jpg,brown_spot,,,,,
200435.jpg,normal,,,,,
200436.jpg,downy_mildew,,,,,
200437.jpg,blast,,,,,
200438.jpg,normal,,,,,
200439.jpg,normal,,,,,
200440.jpg,brown_spot,,,,,
200441.jpg,downy_mildew,,,,,
200442.jpg,blast,,,,,
200443.jpg,normal,,,,,
200444.jpg,normal,,,,,
200445.jpg,downy_mildew,,,,,
200446.jpg,dead_heart,,,,,
200447.jpg,normal,,,,,
200448.jpg,downy_mildew,,,,,
200449.jpg,blast,,,,,
200450.jpg,dead_heart,,,,,
200451.jpg,dead_heart,,,,,
200452.jpg,downy_mildew,,,,,
200453.jpg,tungro,,,,,
200454.jpg,brown_spot,,,,,
200455.jpg,downy_mildew,,,,,
200456.jpg,normal,,,,,
200457.jpg,normal,,,,,
200458.jpg,normal,,,,,
200459.jpg,hispa,,,,,
200460.jpg,downy_mildew,,,,,
200461.jpg,brown_spot,,,,,
200462.jpg,normal,,,,,
200463.jpg,downy_mildew,,,,,
200464.jpg,normal,,,,,
200465.jpg,downy_mildew,,,,,
200466.jpg,downy_mildew,,,,,
200467.jpg,normal,,,,,
200468.jpg,downy_mildew,,,,,
200469.jpg,hispa,,,,,
200470.jpg,brown_spot,,,,,
200471.jpg,normal,,,,,
200472.jpg,downy_mildew,,,,,
200473.jpg,normal,,,,,
200474.jpg,normal,,,,,
200475.jpg,downy_mildew,,,,,
200476.jpg,dead_heart,,,,,
200477.jpg,downy_mildew,,,,,
200478.jpg,downy_mildew,,,,,
200479.jpg,normal,,,,,
200480.jpg,dead_heart,,,,,
200481.jpg,normal,,,,,
200482.jpg,blast,,,,,
200483.jpg,dead_heart,,,,,
200484.jpg,downy_mildew,,,,,
200485.jpg,tungro,,,,,
200486.jpg,downy_mildew,,,,,
200487.jpg,downy_mildew,,,,,
200488.jpg,downy_mildew,,,,,
200489.jpg,normal,,,,,
200490.jpg,dead_heart,,,,,
200491.jpg,normal,,,,,
200492.jpg,tungro,,,,,
200493.jpg,hispa,,,,,
200494.jpg,downy_mildew,,,,,
200495.jpg,downy_mildew,,,,,
200496.jpg,downy_mildew,,,,,
200497.jpg,normal,,,,,
200498.jpg,brown_spot,,,,,
200499.jpg,tungro,,,,,
200500.jpg,downy_mildew,,,,,
200501.jpg,normal,,,,,
200502.jpg,downy_mildew,,,,,
200503.jpg,hispa,,,,,
200504.jpg,normal,,,,,
200505.jpg,tungro,,,,,
200506.jpg,downy_mildew,,,,,
200507.jpg,downy_mildew,,,,,
200508.jpg,dead_heart,,,,,
200509.jpg,downy_mildew,,,,,
200510.jpg,tungro,,,,,
200511.jpg,downy_mildew,,,,,
200512.jpg,hispa,,,,,
200513.jpg,downy_mildew,,,,,
200514.jpg,brown_spot,,,,,
200515.jpg,brown_spot,,,,,
200516.jpg,normal,,,,,
200517.jpg,normal,,,,,
200518.jpg,downy_mildew,,,,,
200519.jpg,downy_mildew,,,,,
200520.jpg,downy_mildew,,,,,
200521.jpg,blast,,,,,
200522.jpg,downy_mildew,,,,,
200523.jpg,downy_mildew,,,,,
200524.jpg,downy_mildew,,,,,
200525.jpg,hispa,,,,,
200526.jpg,downy_mildew,,,,,
200527.jpg,hispa,,,,,
200528.jpg,downy_mildew,,,,,
200529.jpg,hispa,,,,,
200530.jpg,normal,,,,,
200531.jpg,tungro,,,,,
200532.jpg,normal,,,,,
200533.jpg,hispa,,,,,
200534.jpg,downy_mildew,,,,,
200535.jpg,downy_mildew,,,,,
200536.jpg,blast,,,,,
200537.jpg,normal,,,,,
200538.jpg,downy_mildew,,,,,
200539.jpg,brown_spot,,,,,
200540.jpg,tungro,,,,,
200541.jpg,normal,,,,,
200542.jpg,bacterial_leaf_blight,,,,,
200543.jpg,downy_mildew,,,,,
200544.jpg,downy_mildew,,,,,
200545.jpg,dead_heart,,,,,
200546.jpg,normal,,,,,
200547.jpg,downy_mildew,,,,,
200548.jpg,downy_mildew,,,,,
200549.jpg,dead_heart,,,,,
200550.jpg,downy_mildew,,,,,
200551.jpg,normal,,,,,
200552.jpg,blast,,,,,
200553.jpg,downy_mildew,,,,,
200554.jpg,downy_mildew,,,,,
200555.jpg,downy_mildew,,,,,
200556.jpg,downy_mildew,,,,,
200557.jpg,hispa,,,,,
200558.jpg,hispa,,,,,
200559.jpg,downy_mildew,,,,,
200560.jpg,normal,,,,,
200561.jpg,downy_mildew,,,,,
200562.jpg,downy_mildew,,,,,
200563.jpg,downy_mildew,,,,,
200564.jpg,downy_mildew,,,,,
200565.jpg,blast,,,,,
200566.jpg,downy_mildew,,,,,
200567.jpg,dead_heart,,,,,
200568.jpg,tungro,,,,,
200569.jpg,downy_mildew,,,,,
200570.jpg,blast,,,,,
200571.jpg,dead_heart,,,,,
200572.jpg,normal,,,,,
200573.jpg,normal,,,,,
200574.jpg,downy_mildew,,,,,
200575.jpg,normal,,,,,
200576.jpg,downy_mildew,,,,,
200577.jpg,downy_mildew,,,,,
200578.jpg,hispa,,,,,
200579.jpg,dead_heart,,,,,
200580.jpg,downy_mildew,,,,,
200581.jpg,downy_mildew,,,,,
200582.jpg,normal,,,,,
200583.jpg,downy_mildew,,,,,
200584.jpg,blast,,,,,
200585.jpg,hispa,,,,,
200586.jpg,downy_mildew,,,,,
200587.jpg,bacterial_leaf_blight,,,,,
200588.jpg,blast,,,,,
200589.jpg,normal,,,,,
200590.jpg,tungro,,,,,
200591.jpg,normal,,,,,
200592.jpg,normal,,,,,
200593.jpg,downy_mildew,,,,,
200594.jpg,downy_mildew,,,,,
200595.jpg,downy_mildew,,,,,
200596.jpg,downy_mildew,,,,,
200597.jpg,normal,,,,,
200598.jpg,dead_heart,,,,,
200599.jpg,downy_mildew,,,,,
200600.jpg,normal,,,,,
200601.jpg,hispa,,,,,
200602.jpg,normal,,,,,
200603.jpg,blast,,,,,
200604.jpg,normal,,,,,
200605.jpg,dead_heart,,,,,
200606.jpg,hispa,,,,,
200607.jpg,downy_mildew,,,,,
200608.jpg,normal,,,,,
200609.jpg,normal,,,,,
200610.jpg,normal,,,,,
200611.jpg,downy_mildew,,,,,
200612.jpg,normal,,,,,
200613.jpg,downy_mildew,,,,,
200614.jpg,downy_mildew,,,,,
200615.jpg,downy_mildew,,,,,
200616.jpg,downy_mildew,,,,,
200617.jpg,dead_heart,,,,,
200618.jpg,hispa,,,,,
200619.jpg,downy_mildew,,,,,
200620.jpg,normal,,,,,
200621.jpg,normal,,,,,
200622.jpg,dead_heart,,,,,
200623.jpg,downy_mildew,,,,,
200624.jpg,hispa,,,,,
200625.jpg,hispa,,,,,
200626.jpg,normal,,,,,
200627.jpg,hispa,,,,,
200628.jpg,blast,,,,,
200629.jpg,downy_mildew,,,,,
200630.jpg,downy_mildew,,,,,
200631.jpg,downy_mildew,,,,,
200632.jpg,hispa,,,,,
200633.jpg,downy_mildew,,,,,
200634.jpg,hispa,,,,,
200635.jpg,downy_mildew,,,,,
200636.jpg,downy_mildew,,,,,
200637.jpg,downy_mildew,,,,,
200638.jpg,dead_heart,,,,,
200639.jpg,brown_spot,,,,,
200640.jpg,downy_mildew,,,,,
200641.jpg,downy_mildew,,,,,
200642.jpg,brown_spot,,,,,
200643.jpg,hispa,,,,,
200644.jpg,normal,,,,,
200645.jpg,normal,,,,,
200646.jpg,downy_mildew,,,,,
200647.jpg,bacterial_leaf_blight,,,,,
200648.jpg,bacterial_leaf_blight,,,,,
200649.jpg,downy_mildew,,,,,
200650.jpg,tungro,,,,,
200651.jpg,downy_mildew,,,,,
200652.jpg,downy_mildew,,,,,
200653.jpg,downy_mildew,,,,,
200654.jpg,downy_mildew,,,,,
200655.jpg,brown_spot,,,,,
200656.jpg,normal,,,,,
200657.jpg,downy_mildew,,,,,
200658.jpg,dead_heart,,,,,
200659.jpg,downy_mildew,,,,,
200660.jpg,tungro,,,,,
200661.jpg,downy_mildew,,,,,
200662.jpg,downy_mildew,,,,,
200663.jpg,downy_mildew,,,,,
200664.jpg,brown_spot,,,,,
200665.jpg,brown_spot,,,,,
200666.jpg,downy_mildew,,,,,
200667.jpg,hispa,,,,,
200668.jpg,normal,,,,,
200669.jpg,downy_mildew,,,,,
200670.jpg,downy_mildew,,,,,
200671.jpg,downy_mildew,,,,,
200672.jpg,tungro,,,,,
200673.jpg,normal,,,,,
200674.jpg,normal,,,,,
200675.jpg,downy_mildew,,,,,
200676.jpg,tungro,,,,,
200677.jpg,normal,,,,,
200678.jpg,downy_mildew,,,,,
200679.jpg,hispa,,,,,
200680.jpg,hispa,,,,,
200681.jpg,hispa,,,,,
200682.jpg,normal,,,,,
200683.jpg,downy_mildew,,,,,
200684.jpg,downy_mildew,,,,,
200685.jpg,downy_mildew,,,,,
200686.jpg,downy_mildew,,,,,
200687.jpg,dead_heart,,,,,
200688.jpg,downy_mildew,,,,,
200689.jpg,tungro,,,,,
200690.jpg,normal,,,,,
200691.jpg,dead_heart,,,,,
200692.jpg,dead_heart,,,,,
200693.jpg,blast,,,,,
200694.jpg,downy_mildew,,,,,
200695.jpg,hispa,,,,,
200696.jpg,downy_mildew,,,,,
200697.jpg,downy_mildew,,,,,
200698.jpg,downy_mildew,,,,,
200699.jpg,downy_mildew,,,,,
200700.jpg,downy_mildew,,,,,
200701.jpg,hispa,,,,,
200702.jpg,downy_mildew,,,,,
200703.jpg,normal,,,,,
200704.jpg,normal,,,,,
200705.jpg,brown_spot,,,,,
200706.jpg,dead_heart,,,,,
200707.jpg,downy_mildew,,,,,
200708.jpg,downy_mildew,,,,,
200709.jpg,hispa,,,,,
200710.jpg,downy_mildew,,,,,
200711.jpg,normal,,,,,
200712.jpg,normal,,,,,
200713.jpg,downy_mildew,,,,,
200714.jpg,downy_mildew,,,,,
200715.jpg,downy_mildew,,,,,
200716.jpg,downy_mildew,,,,,
200717.jpg,blast,,,,,
200718.jpg,downy_mildew,,,,,
200719.jpg,normal,,,,,
200720.jpg,dead_heart,,,,,
200721.jpg,tungro,,,,,
200722.jpg,normal,,,,,
200723.jpg,hispa,,,,,
200724.jpg,downy_mildew,,,,,
200725.jpg,hispa,,,,,
200726.jpg,downy_mildew,,,,,
200727.jpg,tungro,,,,,
200728.jpg,downy_mildew,,,,,
200729.jpg,brown_spot,,,,,
200730.jpg,dead_heart,,,,,
200731.jpg,downy_mildew,,,,,
200732.jpg,downy_mildew,,,,,
200733.jpg,downy_mildew,,,,,
200734.jpg,tungro,,,,,
200735.jpg,downy_mildew,,,,,
200736.jpg,normal,,,,,
200737.jpg,downy_mildew,,,,,
200738.jpg,brown_spot,,,,,
200739.jpg,downy_mildew,,,,,
200740.jpg,downy_mildew,,,,,
200741.jpg,dead_heart,,,,,
200742.jpg,downy_mildew,,,,,
200743.jpg,tungro,,,,,
200744.jpg,blast,,,,,
200745.jpg,downy_mildew,,,,,
200746.jpg,normal,,,,,
200747.jpg,normal,,,,,
200748.jpg,downy_mildew,,,,,
200749.jpg,dead_heart,,,,,
200750.jpg,downy_mildew,,,,,
200751.jpg,blast,,,,,
200752.jpg,downy_mildew,,,,,
200753.jpg,downy_mildew,,,,,
200754.jpg,downy_mildew,,,,,
200755.jpg,normal,,,,,
200756.jpg,tungro,,,,,
200757.jpg,normal,,,,,
200758.jpg,tungro,,,,,
200759.jpg,hispa,,,,,
200760.jpg,downy_mildew,,,,,
200761.jpg,downy_mildew,,,,,
200762.jpg,brown_spot,,,,,
200763.jpg,downy_mildew,,,,,
200764.jpg,bacterial_leaf_blight,,,,,
200765.jpg,hispa,,,,,
200766.jpg,hispa,,,,,
200767.jpg,blast,,,,,
200768.jpg,dead_heart,,,,,
200769.jpg,downy_mildew,,,,,
200770.jpg,downy_mildew,,,,,
200771.jpg,downy_mildew,,,,,
200772.jpg,hispa,,,,,
200773.jpg,blast,,,,,
200774.jpg,normal,,,,,
200775.jpg,downy_mildew,,,,,
200776.jpg,downy_mildew,,,,,
200777.jpg,tungro,,,,,
200778.jpg,downy_mildew,,,,,
200779.jpg,normal,,,,,
200780.jpg,downy_mildew,,,,,
200781.jpg,downy_mildew,,,,,
200782.jpg,normal,,,,,
200783.jpg,dead_heart,,,,,
200784.jpg,downy_mildew,,,,,
200785.jpg,downy_mildew,,,,,
200786.jpg,downy_mildew,,,,,
200787.jpg,downy_mildew,,,,,
200788.jpg,hispa,,,,,
200789.jpg,downy_mildew,,,,,
200790.jpg,normal,,,,,
200791.jpg,normal,,,,,
200792.jpg,dead_heart,,,,,
200793.jpg,downy_mildew,,,,,
200794.jpg,tungro,,,,,
200795.jpg,normal,,,,,
200796.jpg,normal,,,,,
200797.jpg,downy_mildew,,,,,
200798.jpg,downy_mildew,,,,,
200799.jpg,dead_heart,,,,,
200800.jpg,bacterial_leaf_blight,,,,,
200801.jpg,downy_mildew,,,,,
200802.jpg,brown_spot,,,,,
200803.jpg,dead_heart,,,,,
200804.jpg,downy_mildew,,,,,
200805.jpg,downy_mildew,,,,,
200806.jpg,downy_mildew,,,,,
200807.jpg,blast,,,,,
200808.jpg,dead_heart,,,,,
200809.jpg,downy_mildew,,,,,
200810.jpg,downy_mildew,,,,,
200811.jpg,downy_mildew,,,,,
200812.jpg,normal,,,,,
200813.jpg,normal,,,,,
200814.jpg,normal,,,,,
200815.jpg,dead_heart,,,,,
200816.jpg,downy_mildew,,,,,
200817.jpg,downy_mildew,,,,,
200818.jpg,blast,,,,,
200819.jpg,downy_mildew,,,,,
200820.jpg,hispa,,,,,
200821.jpg,normal,,,,,
200822.jpg,downy_mildew,,,,,
200823.jpg,tungro,,,,,
200824.jpg,downy_mildew,,,,,
200825.jpg,dead_heart,,,,,
200826.jpg,brown_spot,,,,,
200827.jpg,downy_mildew,,,,,
200828.jpg,downy_mildew,,,,,
200829.jpg,downy_mildew,,,,,
200830.jpg,downy_mildew,,,,,
200831.jpg,bacterial_panicle_blight,,,,,
200832.jpg,brown_spot,,,,,
200833.jpg,downy_mildew,,,,,
200834.jpg,tungro,,,,,
200835.jpg,normal,,,,,
200836.jpg,downy_mildew,,,,,
200837.jpg,blast,,,,,
200838.jpg,downy_mildew,,,,,
200839.jpg,blast,,,,,
200840.jpg,downy_mildew,,,,,
200841.jpg,downy_mildew,,,,,
200842.jpg,dead_heart,,,,,
200843.jpg,downy_mildew,,,,,
200844.jpg,normal,,,,,
200845.jpg,downy_mildew,,,,,
200846.jpg,normal,,,,,
200847.jpg,blast,,,,,
200848.jpg,hispa,,,,,
200849.jpg,tungro,,,,,
200850.jpg,downy_mildew,,,,,
200851.jpg,blast,,,,,
200852.jpg,normal,,,,,
200853.jpg,brown_spot,,,,,
200854.jpg,downy_mildew,,,,,
200855.jpg,dead_heart,,,,,
200856.jpg,downy_mildew,,,,,
200857.jpg,blast,,,,,
200858.jpg,normal,,,,,
200859.jpg,downy_mildew,,,,,
200860.jpg,normal,,,,,
200861.jpg,normal,,,,,
200862.jpg,normal,,,,,
200863.jpg,dead_heart,,,,,
200864.jpg,normal,,,,,
200865.jpg,tungro,,,,,
200866.jpg,blast,,,,,
200867.jpg,downy_mildew,,,,,
200868.jpg,tungro,,,,,
200869.jpg,downy_mildew,,,,,
200870.jpg,downy_mildew,,,,,
200871.jpg,downy_mildew,,,,,
200872.jpg,tungro,,,,,
200873.jpg,hispa,,,,,
200874.jpg,blast,,,,,
200875.jpg,downy_mildew,,,,,
200876.jpg,brown_spot,,,,,
200877.jpg,tungro,,,,,
200878.jpg,dead_heart,,,,,
200879.jpg,downy_mildew,,,,,
200880.jpg,downy_mildew,,,,,
200881.jpg,downy_mildew,,,,,
200882.jpg,normal,,,,,
200883.jpg,downy_mildew,,,,,
200884.jpg,downy_mildew,,,,,
200885.jpg,downy_mildew,,,,,
200886.jpg,dead_heart,,,,,
200887.jpg,dead_heart,,,,,
200888.jpg,downy_mildew,,,,,
200889.jpg,downy_mildew,,,,,
200890.jpg,blast,,,,,
200891.jpg,downy_mildew,,,,,
200892.jpg,normal,,,,,
200893.jpg,downy_mildew,,,,,
200894.jpg,brown_spot,,,,,
200895.jpg,blast,,,,,
200896.jpg,downy_mildew,,,,,
200897.jpg,normal,,,,,
200898.jpg,downy_mildew,,,,,
200899.jpg,downy_mildew,,,,,
200900.jpg,normal,,,,,
200901.jpg,normal,,,,,
200902.jpg,hispa,,,,,
200903.jpg,normal,,,,,
200904.jpg,tungro,,,,,
200905.jpg,brown_spot,,,,,
200906.jpg,normal,,,,,
200907.jpg,normal,,,,,
200908.jpg,downy_mildew,,,,,
200909.jpg,tungro,,,,,
200910.jpg,hispa,,,,,
200911.jpg,downy_mildew,,,,,
200912.jpg,blast,,,,,
200913.jpg,downy_mildew,,,,,
200914.jpg,bacterial_leaf_blight,,,,,
200915.jpg,normal,,,,,
200916.jpg,downy_mildew,,,,,
200917.jpg,downy_mildew,,,,,
200918.jpg,tungro,,,,,
200919.jpg,blast,,,,,
200920.jpg,downy_mildew,,,,,
200921.jpg,downy_mildew,,,,,
200922.jpg,tungro,,,,,
200923.jpg,normal,,,,,
200924.jpg,downy_mildew,,,,,
200925.jpg,downy_mildew,,,,,
200926.jpg,downy_mildew,,,,,
200927.jpg,downy_mildew,,,,,
200928.jpg,normal,,,,,
200929.jpg,normal,,,,,
200930.jpg,downy_mildew,,,,,
200931.jpg,blast,,,,,
200932.jpg,dead_heart,,,,,
200933.jpg,dead_heart,,,,,
200934.jpg,tungro,,,,,
200935.jpg,normal,,,,,
200936.jpg,downy_mildew,,,,,
200937.jpg,downy_mildew,,,,,
200938.jpg,downy_mildew,,,,,
200939.jpg,blast,,,,,
200940.jpg,normal,,,,,
200941.jpg,brown_spot,,,,,
200942.jpg,blast,,,,,
200943.jpg,tungro,,,,,
200944.jpg,downy_mildew,,,,,
200945.jpg,dead_heart,,,,,
200946.jpg,downy_mildew,,,,,
200947.jpg,downy_mildew,,,,,
200948.jpg,blast,,,,,
200949.jpg,downy_mildew,,,,,
200950.jpg,downy_mildew,,,,,
200951.jpg,hispa,,,,,
200952.jpg,downy_mildew,,,,,
200953.jpg,dead_heart,,,,,
200954.jpg,downy_mildew,,,,,
200955.jpg,downy_mildew,,,,,
200956.jpg,downy_mildew,,,,,
200957.jpg,brown_spot,,,,,
200958.jpg,tungro,,,,,
200959.jpg,bacterial_leaf_blight,,,,,
200960.jpg,dead_heart,,,,,
200961.jpg,downy_mildew,,,,,
200962.jpg,downy_mildew,,,,,
200963.jpg,dead_heart,,,,,
200964.jpg,brown_spot,,,,,
200965.jpg,downy_mildew,,,,,
200966.jpg,dead_heart,,,,,
200967.jpg,downy_mildew,,,,,
200968.jpg,blast,,,,,
200969.jpg,downy_mildew,,,,,
200970.jpg,normal,,,,,
200971.jpg,dead_heart,,,,,
200972.jpg,normal,,,,,
200973.jpg,normal,,,,,
200974.jpg,downy_mildew,,,,,
200975.jpg,downy_mildew,,,,,
200976.jpg,normal,,,,,
200977.jpg,normal,,,,,
200978.jpg,hispa,,,,,
200979.jpg,normal,,,,,
200980.jpg,normal,,,,,
200981.jpg,tungro,,,,,
200982.jpg,tungro,,,,,
200983.jpg,downy_mildew,,,,,
200984.jpg,tungro,,,,,
200985.jpg,hispa,,,,,
200986.jpg,normal,,,,,
200987.jpg,downy_mildew,,,,,
200988.jpg,normal,,,,,
200989.jpg,normal,,,,,
200990.jpg,hispa,,,,,
200991.jpg,blast,,,,,
200992.jpg,normal,,,,,
200993.jpg,normal,,,,,
200994.jpg,normal,,,,,
200995.jpg,tungro,,,,,
200996.jpg,downy_mildew,,,,,
200997.jpg,blast,,,,,
200998.jpg,downy_mildew,,,,,
200999.jpg,normal,,,,,
201000.jpg,tungro,,,,,
201001.jpg,downy_mildew,,,,,
201002.jpg,downy_mildew,,,,,
201003.jpg,tungro,,,,,
201004.jpg,normal,,,,,
201005.jpg,hispa,,,,,
201006.jpg,normal,,,,,
201007.jpg,normal,,,,,
201008.jpg,dead_heart,,,,,
201009.jpg,tungro,,,,,
201010.jpg,normal,,,,,
201011.jpg,normal,,,,,
201012.jpg,normal,,,,,
201013.jpg,normal,,,,,
201014.jpg,brown_spot,,,,,
201015.jpg,normal,,,,,
201016.jpg,downy_mildew,,,,,
201017.jpg,downy_mildew,,,,,
201018.jpg,downy_mildew,,,,,
201019.jpg,downy_mildew,,,,,
201020.jpg,downy_mildew,,,,,
201021.jpg,downy_mildew,,,,,
201022.jpg,dead_heart,,,,,
201023.jpg,downy_mildew,,,,,
201024.jpg,blast,,,,,
201025.jpg,downy_mildew,,,,,
201026.jpg,downy_mildew,,,,,
201027.jpg,normal,,,,,
201028.jpg,downy_mildew,,,,,
201029.jpg,downy_mildew,,,,,
201030.jpg,normal,,,,,
201031.jpg,downy_mildew,,,,,
201032.jpg,downy_mildew,,,,,
201033.jpg,normal,,,,,
201034.jpg,brown_spot,,,,,
201035.jpg,downy_mildew,,,,,
201036.jpg,downy_mildew,,,,,
201037.jpg,normal,,,,,
201038.jpg,downy_mildew,,,,,
201039.jpg,dead_heart,,,,,
201040.jpg,normal,,,,,
201041.jpg,blast,,,,,
201042.jpg,normal,,,,,
201043.jpg,downy_mildew,,,,,
201044.jpg,normal,,,,,
201045.jpg,hispa,,,,,
201046.jpg,dead_heart,,,,,
201047.jpg,brown_spot,,,,,
201048.jpg,downy_mildew,,,,,
201049.jpg,dead_heart,,,,,
201050.jpg,normal,,,,,
201051.jpg,brown_spot,,,,,
201052.jpg,tungro,,,,,
201053.jpg,downy_mildew,,,,,
201054.jpg,downy_mildew,,,,,
201055.jpg,downy_mildew,,,,,
201056.jpg,downy_mildew,,,,,
201057.jpg,downy_mildew,,,,,
201058.jpg,downy_mildew,,,,,
201059.jpg,normal,,,,,
201060.jpg,normal,,,,,
201061.jpg,normal,,,,,
201062.jpg,hispa,,,,,
201063.jpg,downy_mildew,,,,,
201064.jpg,normal,,,,,
201065.jpg,downy_mildew,,,,,
201066.jpg,downy_mildew,,,,,
201067.jpg,normal,,,,,
201068.jpg,downy_mildew,,,,,
201069.jpg,normal,,,,,
201070.jpg,hispa,,,,,
201071.jpg,hispa,,,,,
201072.jpg,downy_mildew,,,,,
201073.jpg,dead_heart,,,,,
201074.jpg,downy_mildew,,,,,
201075.jpg,downy_mildew,,,,,
201076.jpg,downy_mildew,,,,,
201077.jpg,normal,,,,,
201078.jpg,downy_mildew,,,,,
201079.jpg,downy_mildew,,,,,
201080.jpg,blast,,,,,
201081.jpg,downy_mildew,,,,,
201082.jpg,tungro,,,,,
201083.jpg,normal,,,,,
201084.jpg,hispa,,,,,
201085.jpg,downy_mildew,,,,,
201086.jpg,dead_heart,,,,,
201087.jpg,dead_heart,,,,,
201088.jpg,tungro,,,,,
201089.jpg,downy_mildew,,,,,
201090.jpg,brown_spot,,,,,
201091.jpg,normal,,,,,
201092.jpg,blast,,,,,
201093.jpg,normal,,,,,
201094.jpg,downy_mildew,,,,,
201095.jpg,downy_mildew,,,,,
201096.jpg,dead_heart,,,,,
201097.jpg,downy_mildew,,,,,
201098.jpg,brown_spot,,,,,
201099.jpg,downy_mildew,,,,,
201100.jpg,downy_mildew,,,,,
201101.jpg,dead_heart,,,,,
201102.jpg,dead_heart,,,,,
201103.jpg,tungro,,,,,
201104.jpg,downy_mildew,,,,,
201105.jpg,blast,,,,,
201106.jpg,downy_mildew,,,,,
201107.jpg,downy_mildew,,,,,
201108.jpg,hispa,,,,,
201109.jpg,downy_mildew,,,,,
201110.jpg,downy_mildew,,,,,
201111.jpg,downy_mildew,,,,,
201112.jpg,downy_mildew,,,,,
201113.jpg,hispa,,,,,
201114.jpg,normal,,,,,
201115.jpg,downy_mildew,,,,,
201116.jpg,normal,,,,,
201117.jpg,downy_mildew,,,,,
201118.jpg,normal,,,,,
201119.jpg,downy_mildew,,,,,
201120.jpg,blast,,,,,
201121.jpg,brown_spot,,,,,
201122.jpg,normal,,,,,
201123.jpg,brown_spot,,,,,
201124.jpg,normal,,,,,
201125.jpg,downy_mildew,,,,,
201126.jpg,hispa,,,,,
201127.jpg,normal,,,,,
201128.jpg,tungro,,,,,
201129.jpg,tungro,,,,,
201130.jpg,tungro,,,,,
201131.jpg,downy_mildew,,,,,
201132.jpg,downy_mildew,,,,,
201133.jpg,hispa,,,,,
201134.jpg,tungro,,,,,
201135.jpg,brown_spot,,,,,
201136.jpg,dead_heart,,,,,
201137.jpg,downy_mildew,,,,,
201138.jpg,normal,,,,,
201139.jpg,blast,,,,,
201140.jpg,normal,,,,,
201141.jpg,normal,,,,,
201142.jpg,downy_mildew,,,,,
201143.jpg,tungro,,,,,
201144.jpg,normal,,,,,
201145.jpg,blast,,,,,
201146.jpg,blast,,,,,
201147.jpg,blast,,,,,
201148.jpg,downy_mildew,,,,,
201149.jpg,normal,,,,,
201150.jpg,downy_mildew,,,,,
201151.jpg,hispa,,,,,
201152.jpg,downy_mildew,,,,,
201153.jpg,brown_spot,,,,,
201154.jpg,dead_heart,,,,,
201155.jpg,dead_heart,,,,,
201156.jpg,downy_mildew,,,,,
201157.jpg,blast,,,,,
201158.jpg,normal,,,,,
201159.jpg,normal,,,,,
201160.jpg,downy_mildew,,,,,
201161.jpg,downy_mildew,,,,,
201162.jpg,normal,,,,,
201163.jpg,hispa,,,,,
201164.jpg,blast,,,,,
201165.jpg,blast,,,,,
201166.jpg,downy_mildew,,,,,
201167.jpg,blast,,,,,
201168.jpg,downy_mildew,,,,,
201169.jpg,downy_mildew,,,,,
201170.jpg,hispa,,,,,
201171.jpg,downy_mildew,,,,,
201172.jpg,normal,,,,,
201173.jpg,normal,,,,,
201174.jpg,downy_mildew,,,,,
201175.jpg,downy_mildew,,,,,
201176.jpg,normal,,,,,
201177.jpg,normal,,,,,
201178.jpg,brown_spot,,,,,
201179.jpg,downy_mildew,,,,,
201180.jpg,tungro,,,,,
201181.jpg,downy_mildew,,,,,
201182.jpg,downy_mildew,,,,,
201183.jpg,downy_mildew,,,,,
201184.jpg,downy_mildew,,,,,
201185.jpg,downy_mildew,,,,,
201186.jpg,downy_mildew,,,,,
201187.jpg,downy_mildew,,,,,
201188.jpg,dead_heart,,,,,
201189.jpg,normal,,,,,
201190.jpg,downy_mildew,,,,,
201191.jpg,hispa,,,,,
201192.jpg,tungro,,,,,
201193.jpg,tungro,,,,,
201194.jpg,normal,,,,,
201195.jpg,downy_mildew,,,,,
201196.jpg,downy_mildew,,,,,
201197.jpg,downy_mildew,,,,,
201198.jpg,normal,,,,,
201199.jpg,hispa,,,,,
201200.jpg,downy_mildew,,,,,
201201.jpg,brown_spot,,,,,
201202.jpg,hispa,,,,,
201203.jpg,downy_mildew,,,,,
201204.jpg,downy_mildew,,,,,
201205.jpg,downy_mildew,,,,,
201206.jpg,normal,,,,,
201207.jpg,dead_heart,,,,,
201208.jpg,downy_mildew,,,,,
201209.jpg,blast,,,,,
201210.jpg,normal,,,,,
201211.jpg,blast,,,,,
201212.jpg,normal,,,,,
201213.jpg,bacterial_leaf_blight,,,,,
201214.jpg,downy_mildew,,,,,
201215.jpg,normal,,,,,
201216.jpg,normal,,,,,
201217.jpg,blast,,,,,
201218.jpg,downy_mildew,,,,,
201219.jpg,downy_mildew,,,,,
201220.jpg,tungro,,,,,
201221.jpg,blast,,,,,
201222.jpg,hispa,,,,,
201223.jpg,dead_heart,,,,,
201224.jpg,normal,,,,,
201225.jpg,downy_mildew,,,,,
201226.jpg,brown_spot,,,,,
201227.jpg,downy_mildew,,,,,
201228.jpg,downy_mildew,,,,,
201229.jpg,downy_mildew,,,,,
201230.jpg,downy_mildew,,,,,
201231.jpg,downy_mildew,,,,,
201232.jpg,normal,,,,,
201233.jpg,dead_heart,,,,,
201234.jpg,normal,,,,,
201235.jpg,brown_spot,,,,,
201236.jpg,normal,,,,,
201237.jpg,blast,,,,,
201238.jpg,normal,,,,,
201239.jpg,downy_mildew,,,,,
201240.jpg,downy_mildew,,,,,
201241.jpg,downy_mildew,,,,,
201242.jpg,normal,,,,,
201243.jpg,normal,,,,,
201244.jpg,normal,,,,,
201245.jpg,downy_mildew,,,,,
201246.jpg,downy_mildew,,,,,
201247.jpg,downy_mildew,,,,,
201248.jpg,downy_mildew,,,,,
201249.jpg,tungro,,,,,
201250.jpg,downy_mildew,,,,,
201251.jpg,dead_heart,,,,,
201252.jpg,brown_spot,,,,,
201253.jpg,dead_heart,,,,,
201254.jpg,blast,,,,,
201255.jpg,downy_mildew,,,,,
201256.jpg,blast,,,,,
201257.jpg,tungro,,,,,
201258.jpg,hispa,,,,,
201259.jpg,downy_mildew,,,,,
201260.jpg,downy_mildew,,,,,
201261.jpg,downy_mildew,,,,,
201262.jpg,normal,,,,,
201263.jpg,downy_mildew,,,,,
201264.jpg,normal,,,,,
201265.jpg,downy_mildew,,,,,
201266.jpg,normal,,,,,
201267.jpg,downy_mildew,,,,,
201268.jpg,downy_mildew,,,,,
201269.jpg,downy_mildew,,,,,
201270.jpg,downy_mildew,,,,,
201271.jpg,blast,,,,,
201272.jpg,downy_mildew,,,,,
201273.jpg,tungro,,,,,
201274.jpg,downy_mildew,,,,,
201275.jpg,downy_mildew,,,,,
201276.jpg,blast,,,,,
201277.jpg,blast,,,,,
201278.jpg,dead_heart,,,,,
201279.jpg,downy_mildew,,,,,
201280.jpg,downy_mildew,,,,,
201281.jpg,downy_mildew,,,,,
201282.jpg,blast,,,,,
201283.jpg,tungro,,,,,
201284.jpg,normal,,,,,
201285.jpg,hispa,,,,,
201286.jpg,hispa,,,,,
201287.jpg,normal,,,,,
201288.jpg,normal,,,,,
201289.jpg,brown_spot,,,,,
201290.jpg,dead_heart,,,,,
201291.jpg,downy_mildew,,,,,
201292.jpg,hispa,,,,,
201293.jpg,dead_heart,,,,,
201294.jpg,blast,,,,,
201295.jpg,dead_heart,,,,,
201296.jpg,hispa,,,,,
201297.jpg,normal,,,,,
201298.jpg,hispa,,,,,
201299.jpg,downy_mildew,,,,,
201300.jpg,dead_heart,,,,,
201301.jpg,downy_mildew,,,,,
201302.jpg,downy_mildew,,,,,
201303.jpg,downy_mildew,,,,,
201304.jpg,downy_mildew,,,,,
201305.jpg,hispa,,,,,
201306.jpg,blast,,,,,
201307.jpg,normal,,,,,
201308.jpg,tungro,,,,,
201309.jpg,downy_mildew,,,,,
201310.jpg,downy_mildew,,,,,
201311.jpg,downy_mildew,,,,,
201312.jpg,downy_mildew,,,,,
201313.jpg,downy_mildew,,,,,
201314.jpg,brown_spot,,,,,
201315.jpg,normal,,,,,
201316.jpg,downy_mildew,,,,,
201317.jpg,downy_mildew,,,,,
201318.jpg,downy_mildew,,,,,
201319.jpg,blast,,,,,
201320.jpg,downy_mildew,,,,,
201321.jpg,downy_mildew,,,,,
201322.jpg,downy_mildew,,,,,
201323.jpg,downy_mildew,,,,,
201324.jpg,dead_heart,,,,,
201325.jpg,downy_mildew,,,,,
201326.jpg,downy_mildew,,,,,
201327.jpg,bacterial_leaf_blight,,,,,
201328.jpg,downy_mildew,,,,,
201329.jpg,downy_mildew,,,,,
201330.jpg,downy_mildew,,,,,
201331.jpg,dead_heart,,,,,
201332.jpg,hispa,,,,,
201333.jpg,brown_spot,,,,,
201334.jpg,downy_mildew,,,,,
201335.jpg,brown_spot,,,,,
201336.jpg,downy_mildew,,,,,
201337.jpg,normal,,,,,
201338.jpg,blast,,,,,
201339.jpg,downy_mildew,,,,,
201340.jpg,bacterial_leaf_blight,,,,,
201341.jpg,downy_mildew,,,,,
201342.jpg,tungro,,,,,
201343.jpg,blast,,,,,
201344.jpg,tungro,,,,,
201345.jpg,blast,,,,,
201346.jpg,hispa,,,,,
201347.jpg,normal,,,,,
201348.jpg,downy_mildew,,,,,
201349.jpg,downy_mildew,,,,,
201350.jpg,downy_mildew,,,,,
201351.jpg,downy_mildew,,,,,
201352.jpg,hispa,,,,,
201353.jpg,blast,,,,,
201354.jpg,normal,,,,,
201355.jpg,hispa,,,,,
201356.jpg,downy_mildew,,,,,
201357.jpg,brown_spot,,,,,
201358.jpg,downy_mildew,,,,,
201359.jpg,normal,,,,,
201360.jpg,downy_mildew,,,,,
201361.jpg,downy_mildew,,,,,
201362.jpg,tungro,,,,,
201363.jpg,blast,,,,,
201364.jpg,normal,,,,,
201365.jpg,brown_spot,,,,,
201366.jpg,dead_heart,,,,,
201367.jpg,blast,,,,,
201368.jpg,normal,,,,,
201369.jpg,downy_mildew,,,,,
201370.jpg,blast,,,,,
201371.jpg,normal,,,,,
201372.jpg,downy_mildew,,,,,
201373.jpg,blast,,,,,
201374.jpg,dead_heart,,,,,
201375.jpg,brown_spot,,,,,
201376.jpg,downy_mildew,,,,,
201377.jpg,tungro,,,,,
201378.jpg,blast,,,,,
201379.jpg,normal,,,,,
201380.jpg,downy_mildew,,,,,
201381.jpg,dead_heart,,,,,
201382.jpg,downy_mildew,,,,,
201383.jpg,brown_spot,,,,,
201384.jpg,downy_mildew,,,,,
201385.jpg,downy_mildew,,,,,
201386.jpg,downy_mildew,,,,,
201387.jpg,normal,,,,,
201388.jpg,downy_mildew,,,,,
201389.jpg,downy_mildew,,,,,
201390.jpg,downy_mildew,,,,,
201391.jpg,normal,,,,,
201392.jpg,downy_mildew,,,,,
201393.jpg,downy_mildew,,,,,
201394.jpg,dead_heart,,,,,
201395.jpg,normal,,,,,
201396.jpg,downy_mildew,,,,,
201397.jpg,hispa,,,,,
201398.jpg,brown_spot,,,,,
201399.jpg,dead_heart,,,,,
201400.jpg,dead_heart,,,,,
201401.jpg,normal,,,,,
201402.jpg,normal,,,,,
201403.jpg,tungro,,,,,
201404.jpg,hispa,,,,,
201405.jpg,downy_mildew,,,,,
201406.jpg,normal,,,,,
201407.jpg,downy_mildew,,,,,
201408.jpg,tungro,,,,,
201409.jpg,downy_mildew,,,,,
201410.jpg,downy_mildew,,,,,
201411.jpg,dead_heart,,,,,
201412.jpg,downy_mildew,,,,,
201413.jpg,downy_mildew,,,,,
201414.jpg,tungro,,,,,
201415.jpg,hispa,,,,,
201416.jpg,dead_heart,,,,,
201417.jpg,normal,,,,,
201418.jpg,bacterial_leaf_blight,,,,,
201419.jpg,downy_mildew,,,,,
201420.jpg,downy_mildew,,,,,
201421.jpg,downy_mildew,,,,,
201422.jpg,downy_mildew,,,,,
201423.jpg,brown_spot,,,,,
201424.jpg,downy_mildew,,,,,
201425.jpg,downy_mildew,,,,,
201426.jpg,dead_heart,,,,,
201427.jpg,downy_mildew,,,,,
201428.jpg,bacterial_leaf_blight,,,,,
201429.jpg,normal,,,,,
201430.jpg,downy_mildew,,,,,
201431.jpg,downy_mildew,,,,,
201432.jpg,downy_mildew,,,,,
201433.jpg,dead_heart,,,,,
201434.jpg,brown_spot,,,,,
201435.jpg,tungro,,,,,
201436.jpg,downy_mildew,,,,,
201437.jpg,bacterial_leaf_blight,,,,,
201438.jpg,tungro,,,,,
201439.jpg,normal,,,,,
201440.jpg,normal,,,,,
201441.jpg,blast,,,,,
201442.jpg,downy_mildew,,,,,
201443.jpg,downy_mildew,,,,,
201444.jpg,brown_spot,,,,,
201445.jpg,downy_mildew,,,,,
201446.jpg,tungro,,,,,
201447.jpg,downy_mildew,,,,,
201448.jpg,downy_mildew,,,,,
201449.jpg,downy_mildew,,,,,
201450.jpg,normal,,,,,
201451.jpg,downy_mildew,,,,,
201452.jpg,brown_spot,,,,,
201453.jpg,downy_mildew,,,,,
201454.jpg,tungro,,,,,
201455.jpg,dead_heart,,,,,
201456.jpg,brown_spot,,,,,
201457.jpg,brown_spot,,,,,
201458.jpg,downy_mildew,,,,,
201459.jpg,normal,,,,,
201460.jpg,downy_mildew,,,,,
201461.jpg,dead_heart,,,,,
201462.jpg,downy_mildew,,,,,
201463.jpg,downy_mildew,,,,,
201464.jpg,hispa,,,,,
201465.jpg,downy_mildew,,,,,
201466.jpg,downy_mildew,,,,,
201467.jpg,downy_mildew,,,,,
201468.jpg,downy_mildew,,,,,
201469.jpg,blast,,,,,
201470.jpg,blast,,,,,
201471.jpg,blast,,,,,
201472.jpg,downy_mildew,,,,,
201473.jpg,downy_mildew,,,,,
201474.jpg,downy_mildew,,,,,
201475.jpg,hispa,,,,,
201476.jpg,downy_mildew,,,,,
201477.jpg,normal,,,,,
201478.jpg,downy_mildew,,,,,
201479.jpg,hispa,,,,,
201480.jpg,blast,,,,,
201481.jpg,normal,,,,,
201482.jpg,downy_mildew,,,,,
201483.jpg,dead_heart,,,,,
201484.jpg,dead_heart,,,,,
201485.jpg,dead_heart,,,,,
201486.jpg,downy_mildew,,,,,
201487.jpg,normal,,,,,
201488.jpg,downy_mildew,,,,,
201489.jpg,blast,,,,,
201490.jpg,downy_mildew,,,,,
201491.jpg,brown_spot,,,,,
201492.jpg,downy_mildew,,,,,
201493.jpg,tungro,,,,,
201494.jpg,downy_mildew,,,,,
201495.jpg,downy_mildew,,,,,
201496.jpg,normal,,,,,
201497.jpg,downy_mildew,,,,,
201498.jpg,downy_mildew,,,,,
201499.jpg,normal,,,,,
201500.jpg,downy_mildew,,,,,
201501.jpg,downy_mildew,,,,,
201502.jpg,downy_mildew,,,,,
201503.jpg,downy_mildew,,,,,
201504.jpg,downy_mildew,,,,,
201505.jpg,tungro,,,,,
201506.jpg,dead_heart,,,,,
201507.jpg,downy_mildew,,,,,
201508.jpg,normal,,,,,
201509.jpg,downy_mildew,,,,,
201510.jpg,blast,,,,,
201511.jpg,downy_mildew,,,,,
201512.jpg,downy_mildew,,,,,
201513.jpg,downy_mildew,,,,,
201514.jpg,downy_mildew,,,,,
201515.jpg,downy_mildew,,,,,
201516.jpg,downy_mildew,,,,,
201517.jpg,brown_spot,,,,,
201518.jpg,brown_spot,,,,,
201519.jpg,hispa,,,,,
201520.jpg,normal,,,,,
201521.jpg,downy_mildew,,,,,
201522.jpg,normal,,,,,
201523.jpg,normal,,,,,
201524.jpg,normal,,,,,
201525.jpg,downy_mildew,,,,,
201526.jpg,brown_spot,,,,,
201527.jpg,tungro,,,,,
201528.jpg,normal,,,,,
201529.jpg,downy_mildew,,,,,
201530.jpg,downy_mildew,,,,,
201531.jpg,downy_mildew,,,,,
201532.jpg,blast,,,,,
201533.jpg,blast,,,,,
201534.jpg,downy_mildew,,,,,
201535.jpg,normal,,,,,
201536.jpg,blast,,,,,
201537.jpg,downy_mildew,,,,,
201538.jpg,blast,,,,,
201539.jpg,normal,,,,,
201540.jpg,downy_mildew,,,,,
201541.jpg,downy_mildew,,,,,
201542.jpg,tungro,,,,,
201543.jpg,normal,,,,,
201544.jpg,tungro,,,,,
201545.jpg,downy_mildew,,,,,
201546.jpg,downy_mildew,,,,,
201547.jpg,brown_spot,,,,,
201548.jpg,downy_mildew,,,,,
201549.jpg,downy_mildew,,,,,
201550.jpg,downy_mildew,,,,,
201551.jpg,downy_mildew,,,,,
201552.jpg,blast,,,,,
201553.jpg,downy_mildew,,,,,
201554.jpg,normal,,,,,
201555.jpg,downy_mildew,,,,,
201556.jpg,downy_mildew,,,,,
201557.jpg,dead_heart,,,,,
201558.jpg,normal,,,,,
201559.jpg,downy_mildew,,,,,
201560.jpg,hispa,,,,,
201561.jpg,normal,,,,,
201562.jpg,downy_mildew,,,,,
201563.jpg,downy_mildew,,,,,
201564.jpg,brown_spot,,,,,
201565.jpg,tungro,,,,,
201566.jpg,downy_mildew,,,,,
201567.jpg,bacterial_leaf_blight,,,,,
201568.jpg,normal,,,,,
201569.jpg,downy_mildew,,,,,
201570.jpg,normal,,,,,
201571.jpg,tungro,,,,,
201572.jpg,tungro,,,,,
201573.jpg,normal,,,,,
201574.jpg,downy_mildew,,,,,
201575.jpg,downy_mildew,,,,,
201576.jpg,brown_spot,,,,,
201577.jpg,downy_mildew,,,,,
201578.jpg,hispa,,,,,
201579.jpg,downy_mildew,,,,,
201580.jpg,tungro,,,,,
201581.jpg,downy_mildew,,,,,
201582.jpg,normal,,,,,
201583.jpg,tungro,,,,,
201584.jpg,tungro,,,,,
201585.jpg,dead_heart,,,,,
201586.jpg,tungro,,,,,
201587.jpg,tungro,,,,,
201588.jpg,downy_mildew,,,,,
201589.jpg,downy_mildew,,,,,
201590.jpg,normal,,,,,
201591.jpg,tungro,,,,,
201592.jpg,downy_mildew,,,,,
201593.jpg,blast,,,,,
201594.jpg,normal,,,,,
201595.jpg,blast,,,,,
201596.jpg,normal,,,,,
201597.jpg,normal,,,,,
201598.jpg,tungro,,,,,
201599.jpg,dead_heart,,,,,
201600.jpg,dead_heart,,,,,
201601.jpg,downy_mildew,,,,,
201602.jpg,normal,,,,,
201603.jpg,downy_mildew,,,,,
201604.jpg,downy_mildew,,,,,
201605.jpg,brown_spot,,,,,
201606.jpg,blast,,,,,
201607.jpg,brown_spot,,,,,
201608.jpg,normal,,,,,
201609.jpg,normal,,,,,
201610.jpg,downy_mildew,,,,,
201611.jpg,normal,,,,,
201612.jpg,blast,,,,,
201613.jpg,blast,,,,,
201614.jpg,hispa,,,,,
201615.jpg,hispa,,,,,
201616.jpg,tungro,,,,,
201617.jpg,tungro,,,,,
201618.jpg,downy_mildew,,,,,
201619.jpg,downy_mildew,,,,,
201620.jpg,downy_mildew,,,,,
201621.jpg,dead_heart,,,,,
201622.jpg,downy_mildew,,,,,
201623.jpg,downy_mildew,,,,,
201624.jpg,normal,,,,,
201625.jpg,dead_heart,,,,,
201626.jpg,dead_heart,,,,,
201627.jpg,tungro,,,,,
201628.jpg,brown_spot,,,,,
201629.jpg,brown_spot,,,,,
201630.jpg,downy_mildew,,,,,
201631.jpg,downy_mildew,,,,,
201632.jpg,downy_mildew,,,,,
201633.jpg,downy_mildew,,,,,
201634.jpg,bacterial_leaf_blight,,,,,
201635.jpg,tungro,,,,,
201636.jpg,downy_mildew,,,,,
201637.jpg,tungro,,,,,
201638.jpg,brown_spot,,,,,
201639.jpg,brown_spot,,,,,
201640.jpg,blast,,,,,
201641.jpg,downy_mildew,,,,,
201642.jpg,downy_mildew,,,,,
201643.jpg,normal,,,,,
201644.jpg,downy_mildew,,,,,
201645.jpg,tungro,,,,,
201646.jpg,downy_mildew,,,,,
201647.jpg,downy_mildew,,,,,
201648.jpg,normal,,,,,
201649.jpg,normal,,,,,
201650.jpg,blast,,,,,
201651.jpg,dead_heart,,,,,
201652.jpg,hispa,,,,,
201653.jpg,hispa,,,,,
201654.jpg,blast,,,,,
201655.jpg,downy_mildew,,,,,
201656.jpg,dead_heart,,,,,
201657.jpg,downy_mildew,,,,,
201658.jpg,downy_mildew,,,,,
201659.jpg,normal,,,,,
201660.jpg,brown_spot,,,,,
201661.jpg,tungro,,,,,
201662.jpg,normal,,,,,
201663.jpg,downy_mildew,,,,,
201664.jpg,tungro,,,,,
201665.jpg,normal,,,,,
201666.jpg,blast,,,,,
201667.jpg,normal,,,,,
201668.jpg,normal,,,,,
201669.jpg,normal,,,,,
201670.jpg,downy_mildew,,,,,
201671.jpg,downy_mildew,,,,,
201672.jpg,normal,,,,,
201673.jpg,downy_mildew,,,,,
201674.jpg,normal,,,,,
201675.jpg,downy_mildew,,,,,
201676.jpg,tungro,,,,,
201677.jpg,normal,,,,,
201678.jpg,normal,,,,,
201679.jpg,blast,,,,,
201680.jpg,brown_spot,,,,,
201681.jpg,normal,,,,,
201682.jpg,brown_spot,,,,,
201683.jpg,normal,,,,,
201684.jpg,downy_mildew,,,,,
201685.jpg,normal,,,,,
201686.jpg,blast,,,,,
201687.jpg,tungro,,,,,
201688.jpg,downy_mildew,,,,,
201689.jpg,hispa,,,,,
201690.jpg,normal,,,,,
201691.jpg,normal,,,,,
201692.jpg,downy_mildew,,,,,
201693.jpg,brown_spot,,,,,
201694.jpg,hispa,,,,,
201695.jpg,blast,,,,,
201696.jpg,normal,,,,,
201697.jpg,blast,,,,,
201698.jpg,downy_mildew,,,,,
201699.jpg,downy_mildew,,,,,
201700.jpg,downy_mildew,,,,,
201701.jpg,downy_mildew,,,,,
201702.jpg,downy_mildew,,,,,
201703.jpg,downy_mildew,,,,,
201704.jpg,downy_mildew,,,,,
201705.jpg,brown_spot,,,,,
201706.jpg,brown_spot,,,,,
201707.jpg,bacterial_leaf_blight,,,,,
201708.jpg,tungro,,,,,
201709.jpg,dead_heart,,,,,
201710.jpg,dead_heart,,,,,
201711.jpg,normal,,,,,
201712.jpg,tungro,,,,,
201713.jpg,blast,,,,,
201714.jpg,downy_mildew,,,,,
201715.jpg,bacterial_leaf_blight,,,,,
201716.jpg,brown_spot,,,,,
201717.jpg,downy_mildew,,,,,
201718.jpg,normal,,,,,
201719.jpg,downy_mildew,,,,,
201720.jpg,tungro,,,,,
201721.jpg,blast,,,,,
201722.jpg,downy_mildew,,,,,
201723.jpg,downy_mildew,,,,,
201724.jpg,downy_mildew,,,,,
201725.jpg,tungro,,,,,
201726.jpg,downy_mildew,,,,,
201727.jpg,normal,,,,,
201728.jpg,bacterial_leaf_blight,,,,,
201729.jpg,downy_mildew,,,,,
201730.jpg,downy_mildew,,,,,
201731.jpg,blast,,,,,
201732.jpg,downy_mildew,,,,,
201733.jpg,normal,,,,,
201734.jpg,tungro,,,,,
201735.jpg,downy_mildew,,,,,
201736.jpg,normal,,,,,
201737.jpg,hispa,,,,,
201738.jpg,normal,,,,,
201739.jpg,tungro,,,,,
201740.jpg,brown_spot,,,,,
201741.jpg,dead_heart,,,,,
201742.jpg,brown_spot,,,,,
201743.jpg,downy_mildew,,,,,
201744.jpg,hispa,,,,,
201745.jpg,normal,,,,,
201746.jpg,tungro,,,,,
201747.jpg,dead_heart,,,,,
201748.jpg,downy_mildew,,,,,
201749.jpg,downy_mildew,,,,,
201750.jpg,dead_heart,,,,,
201751.jpg,normal,,,,,
201752.jpg,normal,,,,,
201753.jpg,normal,,,,,
201754.jpg,downy_mildew,,,,,
201755.jpg,hispa,,,,,
201756.jpg,downy_mildew,,,,,
201757.jpg,dead_heart,,,,,
201758.jpg,downy_mildew,,,,,
201759.jpg,downy_mildew,,,,,
201760.jpg,tungro,,,,,
201761.jpg,downy_mildew,,,,,
201762.jpg,downy_mildew,,,,,
201763.jpg,normal,,,,,
201764.jpg,hispa,,,,,
201765.jpg,tungro,,,,,
201766.jpg,downy_mildew,,,,,
201767.jpg,normal,,,,,
201768.jpg,downy_mildew,,,,,
201769.jpg,blast,,,,,
201770.jpg,brown_spot,,,,,
201771.jpg,blast,,,,,
201772.jpg,downy_mildew,,,,,
201773.jpg,downy_mildew,,,,,
201774.jpg,downy_mildew,,,,,
201775.jpg,downy_mildew,,,,,
201776.jpg,bacterial_leaf_blight,,,,,
201777.jpg,tungro,,,,,
201778.jpg,normal,,,,,
201779.jpg,blast,,,,,
201780.jpg,normal,,,,,
201781.jpg,bacterial_leaf_blight,,,,,
201782.jpg,downy_mildew,,,,,
201783.jpg,downy_mildew,,,,,
201784.jpg,blast,,,,,
201785.jpg,downy_mildew,,,,,
201786.jpg,hispa,,,,,
201787.jpg,downy_mildew,,,,,
201788.jpg,blast,,,,,
201789.jpg,blast,,,,,
201790.jpg,brown_spot,,,,,
201791.jpg,hispa,,,,,
201792.jpg,brown_spot,,,,,
201793.jpg,downy_mildew,,,,,
201794.jpg,downy_mildew,,,,,
201795.jpg,downy_mildew,,,,,
201796.jpg,normal,,,,,
201797.jpg,dead_heart,,,,,
201798.jpg,normal,,,,,
201799.jpg,normal,,,,,
201800.jpg,brown_spot,,,,,
201801.jpg,tungro,,,,,
201802.jpg,downy_mildew,,,,,
201803.jpg,tungro,,,,,
201804.jpg,dead_heart,,,,,
201805.jpg,downy_mildew,,,,,
201806.jpg,normal,,,,,
201807.jpg,normal,,,,,
201808.jpg,brown_spot,,,,,
201809.jpg,downy_mildew,,,,,
201810.jpg,brown_spot,,,,,
201811.jpg,normal,,,,,
201812.jpg,dead_heart,,,,,
201813.jpg,downy_mildew,,,,,
201814.jpg,normal,,,,,
201815.jpg,tungro,,,,,
201816.jpg,blast,,,,,
201817.jpg,downy_mildew,,,,,
201818.jpg,blast,,,,,
201819.jpg,downy_mildew,,,,,
201820.jpg,blast,,,,,
201821.jpg,brown_spot,,,,,
201822.jpg,downy_mildew,,,,,
201823.jpg,downy_mildew,,,,,
201824.jpg,dead_heart,,,,,
201825.jpg,downy_mildew,,,,,
201826.jpg,tungro,,,,,
201827.jpg,hispa,,,,,
201828.jpg,downy_mildew,,,,,
201829.jpg,downy_mildew,,,,,
201830.jpg,tungro,,,,,
201831.jpg,brown_spot,,,,,
201832.jpg,dead_heart,,,,,
201833.jpg,downy_mildew,,,,,
201834.jpg,downy_mildew,,,,,
201835.jpg,blast,,,,,
201836.jpg,blast,,,,,
201837.jpg,blast,,,,,
201838.jpg,normal,,,,,
201839.jpg,downy_mildew,,,,,
201840.jpg,normal,,,,,
201841.jpg,brown_spot,,,,,
201842.jpg,normal,,,,,
201843.jpg,downy_mildew,,,,,
201844.jpg,downy_mildew,,,,,
201845.jpg,tungro,,,,,
201846.jpg,downy_mildew,,,,,
201847.jpg,bacterial_leaf_blight,,,,,
201848.jpg,downy_mildew,,,,,
201849.jpg,normal,,,,,
201850.jpg,normal,,,,,
201851.jpg,normal,,,,,
201852.jpg,normal,,,,,
201853.jpg,normal,,,,,
201854.jpg,downy_mildew,,,,,
201855.jpg,normal,,,,,
201856.jpg,dead_heart,,,,,
201857.jpg,downy_mildew,,,,,
201858.jpg,downy_mildew,,,,,
201859.jpg,downy_mildew,,,,,
201860.jpg,hispa,,,,,
201861.jpg,normal,,,,,
201862.jpg,dead_heart,,,,,
201863.jpg,downy_mildew,,,,,
201864.jpg,normal,,,,,
201865.jpg,downy_mildew,,,,,
201866.jpg,blast,,,,,
201867.jpg,downy_mildew,,,,,
201868.jpg,normal,,,,,
201869.jpg,downy_mildew,,,,,
201870.jpg,hispa,,,,,
201871.jpg,blast,,,,,
201872.jpg,downy_mildew,,,,,
201873.jpg,normal,,,,,
201874.jpg,bacterial_leaf_blight,,,,,
201875.jpg,hispa,,,,,
201876.jpg,hispa,,,,,
201877.jpg,blast,,,,,
201878.jpg,normal,,,,,
201879.jpg,downy_mildew,,,,,
201880.jpg,normal,,,,,
201881.jpg,blast,,,,,
201882.jpg,downy_mildew,,,,,
201883.jpg,blast,,,,,
201884.jpg,bacterial_leaf_blight,,,,,
201885.jpg,hispa,,,,,
201886.jpg,downy_mildew,,,,,
201887.jpg,normal,,,,,
201888.jpg,downy_mildew,,,,,
201889.jpg,downy_mildew,,,,,
201890.jpg,downy_mildew,,,,,
201891.jpg,tungro,,,,,
201892.jpg,downy_mildew,,,,,
201893.jpg,downy_mildew,,,,,
201894.jpg,tungro,,,,,
201895.jpg,normal,,,,,
201896.jpg,tungro,,,,,
201897.jpg,hispa,,,,,
201898.jpg,normal,,,,,
201899.jpg,hispa,,,,,
201900.jpg,dead_heart,,,,,
201901.jpg,downy_mildew,,,,,
201902.jpg,hispa,,,,,
201903.jpg,tungro,,,,,
201904.jpg,hispa,,,,,
201905.jpg,downy_mildew,,,,,
201906.jpg,dead_heart,,,,,
201907.jpg,downy_mildew,,,,,
201908.jpg,hispa,,,,,
201909.jpg,normal,,,,,
201910.jpg,tungro,,,,,
201911.jpg,tungro,,,,,
201912.jpg,blast,,,,,
201913.jpg,downy_mildew,,,,,
201914.jpg,normal,,,,,
201915.jpg,bacterial_leaf_blight,,,,,
201916.jpg,normal,,,,,
201917.jpg,tungro,,,,,
201918.jpg,downy_mildew,,,,,
201919.jpg,normal,,,,,
201920.jpg,normal,,,,,
201921.jpg,downy_mildew,,,,,
201922.jpg,blast,,,,,
201923.jpg,downy_mildew,,,,,
201924.jpg,dead_heart,,,,,
201925.jpg,normal,,,,,
201926.jpg,blast,,,,,
201927.jpg,downy_mildew,,,,,
201928.jpg,dead_heart,,,,,
201929.jpg,hispa,,,,,
201930.jpg,dead_heart,,,,,
201931.jpg,downy_mildew,,,,,
201932.jpg,downy_mildew,,,,,
201933.jpg,downy_mildew,,,,,
201934.jpg,normal,,,,,
201935.jpg,downy_mildew,,,,,
201936.jpg,downy_mildew,,,,,
201937.jpg,normal,,,,,
201938.jpg,brown_spot,,,,,
201939.jpg,blast,,,,,
201940.jpg,downy_mildew,,,,,
201941.jpg,downy_mildew,,,,,
201942.jpg,downy_mildew,,,,,
201943.jpg,downy_mildew,,,,,
201944.jpg,normal,,,,,
201945.jpg,downy_mildew,,,,,
201946.jpg,downy_mildew,,,,,
201947.jpg,dead_heart,,,,,
201948.jpg,tungro,,,,,
201949.jpg,downy_mildew,,,,,
201950.jpg,brown_spot,,,,,
201951.jpg,hispa,,,,,
201952.jpg,downy_mildew,,,,,
201953.jpg,downy_mildew,,,,,
201954.jpg,downy_mildew,,,,,
201955.jpg,dead_heart,,,,,
201956.jpg,dead_heart,,,,,
201957.jpg,hispa,,,,,
201958.jpg,hispa,,,,,
201959.jpg,downy_mildew,,,,,
201960.jpg,tungro,,,,,
201961.jpg,hispa,,,,,
201962.jpg,brown_spot,,,,,
201963.jpg,downy_mildew,,,,,
201964.jpg,normal,,,,,
201965.jpg,normal,,,,,
201966.jpg,normal,,,,,
201967.jpg,downy_mildew,,,,,
201968.jpg,downy_mildew,,,,,
201969.jpg,downy_mildew,,,,,
201970.jpg,downy_mildew,,,,,
201971.jpg,downy_mildew,,,,,
201972.jpg,downy_mildew,,,,,
201973.jpg,hispa,,,,,
201974.jpg,tungro,,,,,
201975.jpg,downy_mildew,,,,,
201976.jpg,hispa,,,,,
201977.jpg,tungro,,,,,
201978.jpg,bacterial_leaf_blight,,,,,
201979.jpg,downy_mildew,,,,,
201980.jpg,downy_mildew,,,,,
201981.jpg,hispa,,,,,
201982.jpg,downy_mildew,,,,,
201983.jpg,normal,,,,,
201984.jpg,downy_mildew,,,,,
201985.jpg,normal,,,,,
201986.jpg,blast,,,,,
201987.jpg,dead_heart,,,,,
201988.jpg,downy_mildew,,,,,
201989.jpg,normal,,,,,
201990.jpg,downy_mildew,,,,,
201991.jpg,blast,,,,,
201992.jpg,normal,,,,,
201993.jpg,normal,,,,,
201994.jpg,hispa,,,,,
201995.jpg,downy_mildew,,,,,
201996.jpg,downy_mildew,,,,,
201997.jpg,normal,,,,,
201998.jpg,tungro,,,,,
201999.jpg,downy_mildew,,,,,
202000.jpg,hispa,,,,,
202001.jpg,normal,,,,,
202002.jpg,downy_mildew,,,,,
202003.jpg,downy_mildew,,,,,
202004.jpg,dead_heart,,,,,
202005.jpg,normal,,,,,
202006.jpg,downy_mildew,,,,,
202007.jpg,downy_mildew,,,,,
202008.jpg,normal,,,,,
202009.jpg,downy_mildew,,,,,
202010.jpg,downy_mildew,,,,,
202011.jpg,normal,,,,,
202012.jpg,downy_mildew,,,,,
202013.jpg,normal,,,,,
202014.jpg,downy_mildew,,,,,
202015.jpg,normal,,,,,
202016.jpg,dead_heart,,,,,
202017.jpg,downy_mildew,,,,,
202018.jpg,downy_mildew,,,,,
202019.jpg,normal,,,,,
202020.jpg,downy_mildew,,,,,
202021.jpg,tungro,,,,,
202022.jpg,hispa,,,,,
202023.jpg,normal,,,,,
202024.jpg,normal,,,,,
202025.jpg,normal,,,,,
202026.jpg,hispa,,,,,
202027.jpg,downy_mildew,,,,,
202028.jpg,dead_heart,,,,,
202029.jpg,dead_heart,,,,,
202030.jpg,normal,,,,,
202031.jpg,tungro,,,,,
202032.jpg,hispa,,,,,
202033.jpg,brown_spot,,,,,
202034.jpg,normal,,,,,
202035.jpg,downy_mildew,,,,,
202036.jpg,downy_mildew,,,,,
202037.jpg,downy_mildew,,,,,
202038.jpg,brown_spot,,,,,
202039.jpg,normal,,,,,
202040.jpg,normal,,,,,
202041.jpg,tungro,,,,,
202042.jpg,downy_mildew,,,,,
202043.jpg,downy_mildew,,,,,
202044.jpg,tungro,,,,,
202045.jpg,downy_mildew,,,,,
202046.jpg,downy_mildew,,,,,
202047.jpg,downy_mildew,,,,,
202048.jpg,dead_heart,,,,,
202049.jpg,downy_mildew,,,,,
202050.jpg,normal,,,,,
202051.jpg,normal,,,,,
202052.jpg,normal,,,,,
202053.jpg,hispa,,,,,
202054.jpg,downy_mildew,,,,,
202055.jpg,normal,,,,,
202056.jpg,hispa,,,,,
202057.jpg,hispa,,,,,
202058.jpg,tungro,,,,,
202059.jpg,downy_mildew,,,,,
202060.jpg,dead_heart,,,,,
202061.jpg,normal,,,,,
202062.jpg,brown_spot,,,,,
202063.jpg,blast,,,,,
202064.jpg,downy_mildew,,,,,
202065.jpg,downy_mildew,,,,,
202066.jpg,brown_spot,,,,,
202067.jpg,blast,,,,,
202068.jpg,brown_spot,,,,,
202069.jpg,downy_mildew,,,,,
202070.jpg,downy_mildew,,,,,
202071.jpg,blast,,,,,
202072.jpg,normal,,,,,
202073.jpg,normal,,,,,
202074.jpg,normal,,,,,
202075.jpg,tungro,,,,,
202076.jpg,downy_mildew,,,,,
202077.jpg,downy_mildew,,,,,
202078.jpg,downy_mildew,,,,,
202079.jpg,downy_mildew,,,,,
202080.jpg,dead_heart,,,,,
202081.jpg,downy_mildew,,,,,
202082.jpg,dead_heart,,,,,
202083.jpg,tungro,,,,,
202084.jpg,hispa,,,,,
202085.jpg,downy_mildew,,,,,
202086.jpg,normal,,,,,
202087.jpg,tungro,,,,,
202088.jpg,hispa,,,,,
202089.jpg,downy_mildew,,,,,
202090.jpg,normal,,,,,
202091.jpg,downy_mildew,,,,,
202092.jpg,blast,,,,,
202093.jpg,downy_mildew,,,,,
202094.jpg,normal,,,,,
202095.jpg,downy_mildew,,,,,
202096.jpg,blast,,,,,
202097.jpg,dead_heart,,,,,
202098.jpg,normal,,,,,
202099.jpg,downy_mildew,,,,,
202100.jpg,tungro,,,,,
202101.jpg,normal,,,,,
202102.jpg,tungro,,,,,
202103.jpg,normal,,,,,
202104.jpg,normal,,,,,
202105.jpg,downy_mildew,,,,,
202106.jpg,normal,,,,,
202107.jpg,tungro,,,,,
202108.jpg,downy_mildew,,,,,
202109.jpg,tungro,,,,,
202110.jpg,downy_mildew,,,,,
202111.jpg,downy_mildew,,,,,
202112.jpg,dead_heart,,,,,
202113.jpg,blast,,,,,
202114.jpg,downy_mildew,,,,,
202115.jpg,normal,,,,,
202116.jpg,downy_mildew,,,,,
202117.jpg,downy_mildew,,,,,
202118.jpg,downy_mildew,,,,,
202119.jpg,downy_mildew,,,,,
202120.jpg,downy_mildew,,,,,
202121.jpg,downy_mildew,,,,,
202122.jpg,downy_mildew,,,,,
202123.jpg,normal,,,,,
202124.jpg,downy_mildew,,,,,
202125.jpg,tungro,,,,,
202126.jpg,dead_heart,,,,,
202127.jpg,tungro,,,,,
202128.jpg,downy_mildew,,,,,
202129.jpg,downy_mildew,,,,,
202130.jpg,downy_mildew,,,,,
202131.jpg,downy_mildew,,,,,
202132.jpg,downy_mildew,,,,,
202133.jpg,hispa,,,,,
202134.jpg,downy_mildew,,,,,
202135.jpg,tungro,,,,,
202136.jpg,tungro,,,,,
202137.jpg,tungro,,,,,
202138.jpg,brown_spot,,,,,
202139.jpg,normal,,,,,
202140.jpg,dead_heart,,,,,
202141.jpg,downy_mildew,,,,,
202142.jpg,normal,,,,,
202143.jpg,downy_mildew,,,,,
202144.jpg,normal,,,,,
202145.jpg,downy_mildew,,,,,
202146.jpg,downy_mildew,,,,,
202147.jpg,normal,,,,,
202148.jpg,downy_mildew,,,,,
202149.jpg,normal,,,,,
202150.jpg,blast,,,,,
202151.jpg,downy_mildew,,,,,
202152.jpg,downy_mildew,,,,,
202153.jpg,blast,,,,,
202154.jpg,dead_heart,,,,,
202155.jpg,dead_heart,,,,,
202156.jpg,brown_spot,,,,,
202157.jpg,bacterial_leaf_blight,,,,,
202158.jpg,downy_mildew,,,,,
202159.jpg,normal,,,,,
202160.jpg,downy_mildew,,,,,
202161.jpg,dead_heart,,,,,
202162.jpg,hispa,,,,,
202163.jpg,normal,,,,,
202164.jpg,downy_mildew,,,,,
202165.jpg,downy_mildew,,,,,
202166.jpg,normal,,,,,
202167.jpg,hispa,,,,,
202168.jpg,downy_mildew,,,,,
202169.jpg,blast,,,,,
202170.jpg,normal,,,,,
202171.jpg,normal,,,,,
202172.jpg,normal,,,,,
202173.jpg,downy_mildew,,,,,
202174.jpg,downy_mildew,,,,,
202175.jpg,tungro,,,,,
202176.jpg,downy_mildew,,,,,
202177.jpg,downy_mildew,,,,,
202178.jpg,normal,,,,,
202179.jpg,normal,,,,,
202180.jpg,normal,,,,,
202181.jpg,normal,,,,,
202182.jpg,downy_mildew,,,,,
202183.jpg,downy_mildew,,,,,
202184.jpg,downy_mildew,,,,,
202185.jpg,blast,,,,,
202186.jpg,downy_mildew,,,,,
202187.jpg,normal,,,,,
202188.jpg,downy_mildew,,,,,
202189.jpg,downy_mildew,,,,,
202190.jpg,hispa,,,,,
202191.jpg,downy_mildew,,,,,
202192.jpg,normal,,,,,
202193.jpg,normal,,,,,
202194.jpg,downy_mildew,,,,,
202195.jpg,hispa,,,,,
202196.jpg,tungro,,,,,
202197.jpg,downy_mildew,,,,,
202198.jpg,hispa,,,,,
202199.jpg,blast,,,,,
202200.jpg,downy_mildew,,,,,
202201.jpg,normal,,,,,
202202.jpg,dead_heart,,,,,
202203.jpg,blast,,,,,
202204.jpg,downy_mildew,,,,,
202205.jpg,downy_mildew,,,,,
202206.jpg,dead_heart,,,,,
202207.jpg,blast,,,,,
202208.jpg,normal,,,,,
202209.jpg,downy_mildew,,,,,
202210.jpg,brown_spot,,,,,
202211.jpg,downy_mildew,,,,,
202212.jpg,blast,,,,,
202213.jpg,downy_mildew,,,,,
202214.jpg,downy_mildew,,,,,
202215.jpg,downy_mildew,,,,,
202216.jpg,tungro,,,,,
202217.jpg,normal,,,,,
202218.jpg,normal,,,,,
202219.jpg,normal,,,,,
202220.jpg,blast,,,,,
202221.jpg,downy_mildew,,,,,
202222.jpg,tungro,,,,,
202223.jpg,hispa,,,,,
202224.jpg,normal,,,,,
202225.jpg,downy_mildew,,,,,
202226.jpg,hispa,,,,,
202227.jpg,downy_mildew,,,,,
202228.jpg,brown_spot,,,,,
202229.jpg,tungro,,,,,
202230.jpg,downy_mildew,,,,,
202231.jpg,downy_mildew,,,,,
202232.jpg,normal,,,,,
202233.jpg,blast,,,,,
202234.jpg,downy_mildew,,,,,
202235.jpg,downy_mildew,,,,,
202236.jpg,downy_mildew,,,,,
202237.jpg,brown_spot,,,,,
202238.jpg,downy_mildew,,,,,
202239.jpg,normal,,,,,
202240.jpg,normal,,,,,
202241.jpg,dead_heart,,,,,
202242.jpg,downy_mildew,,,,,
202243.jpg,normal,,,,,
202244.jpg,blast,,,,,
202245.jpg,blast,,,,,
202246.jpg,hispa,,,,,
202247.jpg,downy_mildew,,,,,
202248.jpg,normal,,,,,
202249.jpg,downy_mildew,,,,,
202250.jpg,dead_heart,,,,,
202251.jpg,normal,,,,,
202252.jpg,downy_mildew,,,,,
202253.jpg,blast,,,,,
202254.jpg,normal,,,,,
202255.jpg,dead_heart,,,,,
202256.jpg,tungro,,,,,
202257.jpg,normal,,,,,
202258.jpg,hispa,,,,,
202259.jpg,dead_heart,,,,,
202260.jpg,blast,,,,,
202261.jpg,downy_mildew,,,,,
202262.jpg,tungro,,,,,
202263.jpg,blast,,,,,
202264.jpg,downy_mildew,,,,,
202265.jpg,tungro,,,,,
202266.jpg,downy_mildew,,,,,
202267.jpg,brown_spot,,,,,
202268.jpg,downy_mildew,,,,,
202269.jpg,downy_mildew,,,,,
202270.jpg,downy_mildew,,,,,
202271.jpg,brown_spot,,,,,
202272.jpg,hispa,,,,,
202273.jpg,normal,,,,,
202274.jpg,normal,,,,,
202275.jpg,downy_mildew,,,,,
202276.jpg,downy_mildew,,,,,
202277.jpg,hispa,,,,,
202278.jpg,downy_mildew,,,,,
202279.jpg,tungro,,,,,
202280.jpg,tungro,,,,,
202281.jpg,normal,,,,,
202282.jpg,normal,,,,,
202283.jpg,tungro,,,,,
202284.jpg,normal,,,,,
202285.jpg,downy_mildew,,,,,
202286.jpg,tungro,,,,,
202287.jpg,hispa,,,,,
202288.jpg,tungro,,,,,
202289.jpg,brown_spot,,,,,
202290.jpg,normal,,,,,
202291.jpg,normal,,,,,
202292.jpg,blast,,,,,
202293.jpg,normal,,,,,
202294.jpg,downy_mildew,,,,,
202295.jpg,downy_mildew,,,,,
202296.jpg,downy_mildew,,,,,
202297.jpg,tungro,,,,,
202298.jpg,normal,,,,,
202299.jpg,normal,,,,,
202300.jpg,tungro,,,,,
202301.jpg,downy_mildew,,,,,
202302.jpg,downy_mildew,,,,,
202303.jpg,downy_mildew,,,,,
202304.jpg,downy_mildew,,,,,
202305.jpg,downy_mildew,,,,,
202306.jpg,blast,,,,,
202307.jpg,tungro,,,,,
202308.jpg,downy_mildew,,,,,
202309.jpg,downy_mildew,,,,,
202310.jpg,dead_heart,,,,,
202311.jpg,dead_heart,,,,,
202312.jpg,normal,,,,,
202313.jpg,blast,,,,,
202314.jpg,normal,,,,,
202315.jpg,dead_heart,,,,,
202316.jpg,normal,,,,,
202317.jpg,dead_heart,,,,,
202318.jpg,blast,,,,,
202319.jpg,dead_heart,,,,,
202320.jpg,normal,,,,,
202321.jpg,normal,,,,,
202322.jpg,tungro,,,,,
202323.jpg,normal,,,,,
202324.jpg,normal,,,,,
202325.jpg,downy_mildew,,,,,
202326.jpg,blast,,,,,
202327.jpg,blast,,,,,
202328.jpg,downy_mildew,,,,,
202329.jpg,normal,,,,,
202330.jpg,blast,,,,,
202331.jpg,downy_mildew,,,,,
202332.jpg,downy_mildew,,,,,
202333.jpg,dead_heart,,,,,
202334.jpg,downy_mildew,,,,,
202335.jpg,normal,,,,,
202336.jpg,normal,,,,,
202337.jpg,normal,,,,,
202338.jpg,downy_mildew,,,,,
202339.jpg,blast,,,,,
202340.jpg,downy_mildew,,,,,
202341.jpg,downy_mildew,,,,,
202342.jpg,dead_heart,,,,,
202343.jpg,downy_mildew,,,,,
202344.jpg,dead_heart,,,,,
202345.jpg,downy_mildew,,,,,
202346.jpg,hispa,,,,,
202347.jpg,downy_mildew,,,,,
202348.jpg,normal,,,,,
202349.jpg,normal,,,,,
202350.jpg,dead_heart,,,,,
202351.jpg,downy_mildew,,,,,
202352.jpg,downy_mildew,,,,,
202353.jpg,hispa,,,,,
202354.jpg,hispa,,,,,
202355.jpg,downy_mildew,,,,,
202356.jpg,downy_mildew,,,,,
202357.jpg,normal,,,,,
202358.jpg,downy_mildew,,,,,
202359.jpg,bacterial_leaf_blight,,,,,
202360.jpg,tungro,,,,,
202361.jpg,blast,,,,,
202362.jpg,blast,,,,,
202363.jpg,downy_mildew,,,,,
202364.jpg,downy_mildew,,,,,
202365.jpg,downy_mildew,,,,,
202366.jpg,blast,,,,,
202367.jpg,dead_heart,,,,,
202368.jpg,hispa,,,,,
202369.jpg,tungro,,,,,
202370.jpg,normal,,,,,
202371.jpg,downy_mildew,,,,,
202372.jpg,downy_mildew,,,,,
202373.jpg,normal,,,,,
202374.jpg,hispa,,,,,
202375.jpg,normal,,,,,
202376.jpg,downy_mildew,,,,,
202377.jpg,downy_mildew,,,,,
202378.jpg,downy_mildew,,,,,
202379.jpg,downy_mildew,,,,,
202380.jpg,brown_spot,,,,,
202381.jpg,downy_mildew,,,,,
202382.jpg,downy_mildew,,,,,
202383.jpg,hispa,,,,,
202384.jpg,downy_mildew,,,,,
202385.jpg,normal,,,,,
202386.jpg,blast,,,,,
202387.jpg,normal,,,,,
202388.jpg,normal,,,,,
202389.jpg,downy_mildew,,,,,
202390.jpg,hispa,,,,,
202391.jpg,dead_heart,,,,,
202392.jpg,downy_mildew,,,,,
202393.jpg,blast,,,,,
202394.jpg,downy_mildew,,,,,
202395.jpg,downy_mildew,,,,,
202396.jpg,downy_mildew,,,,,
202397.jpg,normal,,,,,
202398.jpg,downy_mildew,,,,,
202399.jpg,blast,,,,,
202400.jpg,downy_mildew,,,,,
202401.jpg,downy_mildew,,,,,
202402.jpg,downy_mildew,,,,,
202403.jpg,downy_mildew,,,,,
202404.jpg,downy_mildew,,,,,
202405.jpg,hispa,,,,,
202406.jpg,blast,,,,,
202407.jpg,normal,,,,,
202408.jpg,dead_heart,,,,,
202409.jpg,downy_mildew,,,,,
202410.jpg,tungro,,,,,
202411.jpg,downy_mildew,,,,,
202412.jpg,downy_mildew,,,,,
202413.jpg,blast,,,,,
202414.jpg,hispa,,,,,
202415.jpg,blast,,,,,
202416.jpg,normal,,,,,
202417.jpg,normal,,,,,
202418.jpg,dead_heart,,,,,
202419.jpg,downy_mildew,,,,,
202420.jpg,tungro,,,,,
202421.jpg,downy_mildew,,,,,
202422.jpg,brown_spot,,,,,
202423.jpg,normal,,,,,
202424.jpg,downy_mildew,,,,,
202425.jpg,downy_mildew,,,,,
202426.jpg,hispa,,,,,
202427.jpg,downy_mildew,,,,,
202428.jpg,blast,,,,,
202429.jpg,downy_mildew,,,,,
202430.jpg,tungro,,,,,
202431.jpg,downy_mildew,,,,,
202432.jpg,downy_mildew,,,,,
202433.jpg,downy_mildew,,,,,
202434.jpg,tungro,,,,,
202435.jpg,blast,,,,,
202436.jpg,tungro,,,,,
202437.jpg,downy_mildew,,,,,
202438.jpg,normal,,,,,
202439.jpg,brown_spot,,,,,
202440.jpg,blast,,,,,
202441.jpg,hispa,,,,,
202442.jpg,normal,,,,,
202443.jpg,bacterial_leaf_blight,,,,,
202444.jpg,hispa,,,,,
202445.jpg,normal,,,,,
202446.jpg,downy_mildew,,,,,
202447.jpg,downy_mildew,,,,,
202448.jpg,bacterial_leaf_blight,,,,,
202449.jpg,downy_mildew,,,,,
202450.jpg,tungro,,,,,
202451.jpg,dead_heart,,,,,
202452.jpg,blast,,,,,
202453.jpg,normal,,,,,
202454.jpg,downy_mildew,,,,,
202455.jpg,normal,,,,,
202456.jpg,downy_mildew,,,,,
202457.jpg,downy_mildew,,,,,
202458.jpg,normal,,,,,
202459.jpg,downy_mildew,,,,,
202460.jpg,downy_mildew,,,,,
202461.jpg,normal,,,,,
202462.jpg,hispa,,,,,
202463.jpg,tungro,,,,,
202464.jpg,dead_heart,,,,,
202465.jpg,downy_mildew,,,,,
202466.jpg,downy_mildew,,,,,
202467.jpg,normal,,,,,
202468.jpg,normal,,,,,
202469.jpg,downy_mildew,,,,,
202470.jpg,brown_spot,,,,,
202471.jpg,downy_mildew,,,,,
202472.jpg,normal,,,,,
202473.jpg,normal,,,,,
202474.jpg,brown_spot,,,,,
202475.jpg,blast,,,,,
202476.jpg,blast,,,,,
202477.jpg,downy_mildew,,,,,
202478.jpg,normal,,,,,
202479.jpg,downy_mildew,,,,,
202480.jpg,downy_mildew,,,,,
202481.jpg,normal,,,,,
202482.jpg,downy_mildew,,,,,
202483.jpg,downy_mildew,,,,,
202484.jpg,downy_mildew,,,,,
202485.jpg,downy_mildew,,,,,
202486.jpg,downy_mildew,,,,,
202487.jpg,downy_mildew,,,,,
202488.jpg,normal,,,,,
202489.jpg,tungro,,,,,
202490.jpg,normal,,,,,
202491.jpg,downy_mildew,,,,,
202492.jpg,downy_mildew,,,,,
202493.jpg,downy_mildew,,,,,
202494.jpg,normal,,,,,
202495.jpg,hispa,,,,,
202496.jpg,hispa,,,,,
202497.jpg,downy_mildew,,,,,
202498.jpg,downy_mildew,,,,,
202499.jpg,brown_spot,,,,,
202500.jpg,normal,,,,,
202501.jpg,downy_mildew,,,,,
202502.jpg,hispa,,,,,
202503.jpg,normal,,,,,
202504.jpg,hispa,,,,,
202505.jpg,downy_mildew,,,,,
202506.jpg,hispa,,,,,
202507.jpg,downy_mildew,,,,,
202508.jpg,downy_mildew,,,,,
202509.jpg,blast,,,,,
202510.jpg,downy_mildew,,,,,
202511.jpg,normal,,,,,
202512.jpg,blast,,,,,
202513.jpg,tungro,,,,,
202514.jpg,normal,,,,,
202515.jpg,downy_mildew,,,,,
202516.jpg,downy_mildew,,,,,
202517.jpg,dead_heart,,,,,
202518.jpg,hispa,,,,,
202519.jpg,hispa,,,,,
202520.jpg,normal,,,,,
202521.jpg,dead_heart,,,,,
202522.jpg,hispa,,,,,
202523.jpg,downy_mildew,,,,,
202524.jpg,hispa,,,,,
202525.jpg,bacterial_leaf_blight,,,,,
202526.jpg,downy_mildew,,,,,
202527.jpg,bacterial_leaf_blight,,,,,
202528.jpg,normal,,,,,
202529.jpg,blast,,,,,
202530.jpg,brown_spot,,,,,
202531.jpg,hispa,,,,,
202532.jpg,downy_mildew,,,,,
202533.jpg,normal,,,,,
202534.jpg,downy_mildew,,,,,
202535.jpg,downy_mildew,,,,,
202536.jpg,hispa,,,,,
202537.jpg,brown_spot,,,,,
202538.jpg,blast,,,,,
202539.jpg,downy_mildew,,,,,
202540.jpg,hispa,,,,,
202541.jpg,brown_spot,,,,,
202542.jpg,downy_mildew,,,,,
202543.jpg,bacterial_leaf_blight,,,,,
202544.jpg,normal,,,,,
202545.jpg,normal,,,,,
202546.jpg,hispa,,,,,
202547.jpg,tungro,,,,,
202548.jpg,dead_heart,,,,,
202549.jpg,blast,,,,,
202550.jpg,tungro,,,,,
202551.jpg,normal,,,,,
202552.jpg,normal,,,,,
202553.jpg,normal,,,,,
202554.jpg,downy_mildew,,,,,
202555.jpg,downy_mildew,,,,,
202556.jpg,blast,,,,,
202557.jpg,downy_mildew,,,,,
202558.jpg,dead_heart,,,,,
202559.jpg,tungro,,,,,
202560.jpg,bacterial_leaf_blight,,,,,
202561.jpg,normal,,,,,
202562.jpg,downy_mildew,,,,,
202563.jpg,downy_mildew,,,,,
202564.jpg,downy_mildew,,,,,
202565.jpg,downy_mildew,,,,,
202566.jpg,normal,,,,,
202567.jpg,downy_mildew,,,,,
202568.jpg,downy_mildew,,,,,
202569.jpg,tungro,,,,,
202570.jpg,tungro,,,,,
202571.jpg,tungro,,,,,
202572.jpg,tungro,,,,,
202573.jpg,blast,,,,,
202574.jpg,downy_mildew,,,,,
202575.jpg,brown_spot,,,,,
202576.jpg,bacterial_leaf_blight,,,,,
202577.jpg,normal,,,,,
202578.jpg,downy_mildew,,,,,
202579.jpg,downy_mildew,,,,,
202580.jpg,normal,,,,,
202581.jpg,downy_mildew,,,,,
202582.jpg,bacterial_leaf_blight,,,,,
202583.jpg,normal,,,,,
202584.jpg,downy_mildew,,,,,
202585.jpg,downy_mildew,,,,,
202586.jpg,downy_mildew,,,,,
202587.jpg,downy_mildew,,,,,
202588.jpg,downy_mildew,,,,,
202589.jpg,normal,,,,,
202590.jpg,downy_mildew,,,,,
202591.jpg,normal,,,,,
202592.jpg,downy_mildew,,,,,
202593.jpg,dead_heart,,,,,
202594.jpg,hispa,,,,,
202595.jpg,tungro,,,,,
202596.jpg,tungro,,,,,
202597.jpg,normal,,,,,
202598.jpg,dead_heart,,,,,
202599.jpg,brown_spot,,,,,
202600.jpg,downy_mildew,,,,,
202601.jpg,downy_mildew,,,,,
202602.jpg,downy_mildew,,,,,
202603.jpg,downy_mildew,,,,,
202604.jpg,blast,,,,,
202605.jpg,hispa,,,,,
202606.jpg,downy_mildew,,,,,
202607.jpg,downy_mildew,,,,,
202608.jpg,downy_mildew,,,,,
202609.jpg,downy_mildew,,,,,
202610.jpg,tungro,,,,,
202611.jpg,downy_mildew,,,,,
202612.jpg,downy_mildew,,,,,
202613.jpg,dead_heart,,,,,
202614.jpg,downy_mildew,,,,,
202615.jpg,tungro,,,,,
202616.jpg,downy_mildew,,,,,
202617.jpg,downy_mildew,,,,,
202618.jpg,normal,,,,,
202619.jpg,hispa,,,,,
202620.jpg,downy_mildew,,,,,
202621.jpg,downy_mildew,,,,,
202622.jpg,dead_heart,,,,,
202623.jpg,downy_mildew,,,,,
202624.jpg,normal,,,,,
202625.jpg,downy_mildew,,,,,
202626.jpg,tungro,,,,,
202627.jpg,normal,,,,,
202628.jpg,normal,,,,,
202629.jpg,normal,,,,,
202630.jpg,tungro,,,,,
202631.jpg,tungro,,,,,
202632.jpg,downy_mildew,,,,,
202633.jpg,normal,,,,,
202634.jpg,hispa,,,,,
202635.jpg,downy_mildew,,,,,
202636.jpg,downy_mildew,,,,,
202637.jpg,blast,,,,,
202638.jpg,dead_heart,,,,,
202639.jpg,tungro,,,,,
202640.jpg,brown_spot,,,,,
202641.jpg,downy_mildew,,,,,
202642.jpg,downy_mildew,,,,,
202643.jpg,blast,,,,,
202644.jpg,dead_heart,,,,,
202645.jpg,downy_mildew,,,,,
202646.jpg,downy_mildew,,,,,
202647.jpg,brown_spot,,,,,
202648.jpg,downy_mildew,,,,,
202649.jpg,tungro,,,,,
202650.jpg,brown_spot,,,,,
202651.jpg,tungro,,,,,
202652.jpg,normal,,,,,
202653.jpg,normal,,,,,
202654.jpg,normal,,,,,
202655.jpg,downy_mildew,,,,,
202656.jpg,normal,,,,,
202657.jpg,blast,,,,,
202658.jpg,downy_mildew,,,,,
202659.jpg,normal,,,,,
202660.jpg,hispa,,,,,
202661.jpg,downy_mildew,,,,,
202662.jpg,hispa,,,,,
202663.jpg,downy_mildew,,,,,
202664.jpg,downy_mildew,,,,,
202665.jpg,downy_mildew,,,,,
202666.jpg,dead_heart,,,,,
202667.jpg,downy_mildew,,,,,
202668.jpg,blast,,,,,
202669.jpg,downy_mildew,,,,,
202670.jpg,hispa,,,,,
202671.jpg,downy_mildew,,,,,
202672.jpg,normal,,,,,
202673.jpg,tungro,,,,,
202674.jpg,tungro,,,,,
202675.jpg,blast,,,,,
202676.jpg,normal,,,,,
202677.jpg,downy_mildew,,,,,
202678.jpg,downy_mildew,,,,,
202679.jpg,brown_spot,,,,,
202680.jpg,brown_spot,,,,,
202681.jpg,normal,,,,,
202682.jpg,normal,,,,,
202683.jpg,hispa,,,,,
202684.jpg,normal,,,,,
202685.jpg,tungro,,,,,
202686.jpg,downy_mildew,,,,,
202687.jpg,normal,,,,,
202688.jpg,normal,,,,,
202689.jpg,dead_heart,,,,,
202690.jpg,brown_spot,,,,,
202691.jpg,tungro,,,,,
202692.jpg,bacterial_leaf_blight,,,,,
202693.jpg,dead_heart,,,,,
202694.jpg,downy_mildew,,,,,
202695.jpg,hispa,,,,,
202696.jpg,downy_mildew,,,,,
202697.jpg,downy_mildew,,,,,
202698.jpg,normal,,,,,
202699.jpg,dead_heart,,,,,
202700.jpg,normal,,,,,
202701.jpg,downy_mildew,,,,,
202702.jpg,downy_mildew,,,,,
202703.jpg,hispa,,,,,
202704.jpg,blast,,,,,
202705.jpg,tungro,,,,,
202706.jpg,normal,,,,,
202707.jpg,downy_mildew,,,,,
202708.jpg,dead_heart,,,,,
202709.jpg,downy_mildew,,,,,
202710.jpg,downy_mildew,,,,,
202711.jpg,hispa,,,,,
202712.jpg,normal,,,,,
202713.jpg,brown_spot,,,,,
202714.jpg,downy_mildew,,,,,
202715.jpg,normal,,,,,
202716.jpg,normal,,,,,
202717.jpg,blast,,,,,
202718.jpg,dead_heart,,,,,
202719.jpg,tungro,,,,,
202720.jpg,downy_mildew,,,,,
202721.jpg,brown_spot,,,,,
202722.jpg,normal,,,,,
202723.jpg,normal,,,,,
202724.jpg,downy_mildew,,,,,
202725.jpg,downy_mildew,,,,,
202726.jpg,downy_mildew,,,,,
202727.jpg,blast,,,,,
202728.jpg,downy_mildew,,,,,
202729.jpg,hispa,,,,,
202730.jpg,downy_mildew,,,,,
202731.jpg,normal,,,,,
202732.jpg,normal,,,,,
202733.jpg,normal,,,,,
202734.jpg,normal,,,,,
202735.jpg,hispa,,,,,
202736.jpg,downy_mildew,,,,,
202737.jpg,downy_mildew,,,,,
202738.jpg,downy_mildew,,,,,
202739.jpg,blast,,,,,
202740.jpg,tungro,,,,,
202741.jpg,normal,,,,,
202742.jpg,dead_heart,,,,,
202743.jpg,downy_mildew,,,,,
202744.jpg,downy_mildew,,,,,
202745.jpg,brown_spot,,,,,
202746.jpg,normal,,,,,
202747.jpg,normal,,,,,
202748.jpg,normal,,,,,
202749.jpg,downy_mildew,,,,,
202750.jpg,blast,,,,,
202751.jpg,downy_mildew,,,,,
202752.jpg,downy_mildew,,,,,
202753.jpg,dead_heart,,,,,
202754.jpg,downy_mildew,,,,,
202755.jpg,hispa,,,,,
202756.jpg,tungro,,,,,
202757.jpg,normal,,,,,
202758.jpg,tungro,,,,,
202759.jpg,hispa,,,,,
202760.jpg,downy_mildew,,,,,
202761.jpg,brown_spot,,,,,
202762.jpg,brown_spot,,,,,
202763.jpg,downy_mildew,,,,,
202764.jpg,downy_mildew,,,,,
202765.jpg,downy_mildew,,,,,
202766.jpg,downy_mildew,,,,,
202767.jpg,dead_heart,,,,,
202768.jpg,downy_mildew,,,,,
202769.jpg,tungro,,,,,
202770.jpg,downy_mildew,,,,,
202771.jpg,normal,,,,,
202772.jpg,tungro,,,,,
202773.jpg,normal,,,,,
202774.jpg,normal,,,,,
202775.jpg,downy_mildew,,,,,
202776.jpg,bacterial_leaf_blight,,,,,
202777.jpg,blast,,,,,
202778.jpg,hispa,,,,,
202779.jpg,dead_heart,,,,,
202780.jpg,downy_mildew,,,,,
202781.jpg,tungro,,,,,
202782.jpg,hispa,,,,,
202783.jpg,hispa,,,,,
202784.jpg,downy_mildew,,,,,
202785.jpg,normal,,,,,
202786.jpg,tungro,,,,,
202787.jpg,bacterial_leaf_blight,,,,,
202788.jpg,dead_heart,,,,,
202789.jpg,normal,,,,,
202790.jpg,blast,,,,,
202791.jpg,hispa,,,,,
202792.jpg,downy_mildew,,,,,
202793.jpg,normal,,,,,
202794.jpg,normal,,,,,
202795.jpg,downy_mildew,,,,,
202796.jpg,downy_mildew,,,,,
202797.jpg,hispa,,,,,
202798.jpg,normal,,,,,
202799.jpg,normal,,,,,
202800.jpg,downy_mildew,,,,,
202801.jpg,normal,,,,,
202802.jpg,downy_mildew,,,,,
202803.jpg,bacterial_leaf_blight,,,,,
202804.jpg,downy_mildew,,,,,
202805.jpg,blast,,,,,
202806.jpg,normal,,,,,
202807.jpg,downy_mildew,,,,,
202808.jpg,tungro,,,,,
202809.jpg,downy_mildew,,,,,
202810.jpg,downy_mildew,,,,,
202811.jpg,hispa,,,,,
202812.jpg,tungro,,,,,
202813.jpg,normal,,,,,
202814.jpg,downy_mildew,,,,,
202815.jpg,downy_mildew,,,,,
202816.jpg,normal,,,,,
202817.jpg,tungro,,,,,
202818.jpg,bacterial_leaf_blight,,,,,
202819.jpg,downy_mildew,,,,,
202820.jpg,downy_mildew,,,,,
202821.jpg,blast,,,,,
202822.jpg,downy_mildew,,,,,
202823.jpg,dead_heart,,,,,
202824.jpg,blast,,,,,
202825.jpg,normal,,,,,
202826.jpg,dead_heart,,,,,
202827.jpg,normal,,,,,
202828.jpg,normal,,,,,
202829.jpg,hispa,,,,,
202830.jpg,tungro,,,,,
202831.jpg,normal,,,,,
202832.jpg,bacterial_leaf_blight,,,,,
202833.jpg,blast,,,,,
202834.jpg,downy_mildew,,,,,
202835.jpg,tungro,,,,,
202836.jpg,blast,,,,,
202837.jpg,downy_mildew,,,,,
202838.jpg,bacterial_leaf_blight,,,,,
202839.jpg,downy_mildew,,,,,
202840.jpg,dead_heart,,,,,
202841.jpg,hispa,,,,,
202842.jpg,normal,,,,,
202843.jpg,normal,,,,,
202844.jpg,bacterial_leaf_blight,,,,,
202845.jpg,downy_mildew,,,,,
202846.jpg,downy_mildew,,,,,
202847.jpg,downy_mildew,,,,,
202848.jpg,brown_spot,,,,,
202849.jpg,normal,,,,,
202850.jpg,hispa,,,,,
202851.jpg,hispa,,,,,
202852.jpg,blast,,,,,
202853.jpg,dead_heart,,,,,
202854.jpg,downy_mildew,,,,,
202855.jpg,downy_mildew,,,,,
202856.jpg,normal,,,,,
202857.jpg,downy_mildew,,,,,
202858.jpg,downy_mildew,,,,,
202859.jpg,downy_mildew,,,,,
202860.jpg,normal,,,,,
202861.jpg,brown_spot,,,,,
202862.jpg,brown_spot,,,,,
202863.jpg,downy_mildew,,,,,
202864.jpg,brown_spot,,,,,
202865.jpg,downy_mildew,,,,,
202866.jpg,downy_mildew,,,,,
202867.jpg,normal,,,,,
202868.jpg,tungro,,,,,
202869.jpg,tungro,,,,,
202870.jpg,hispa,,,,,
202871.jpg,downy_mildew,,,,,
202872.jpg,downy_mildew,,,,,
202873.jpg,normal,,,,,
202874.jpg,downy_mildew,,,,,
202875.jpg,downy_mildew,,,,,
202876.jpg,normal,,,,,
202877.jpg,downy_mildew,,,,,
202878.jpg,normal,,,,,
202879.jpg,normal,,,,,
202880.jpg,downy_mildew,,,,,
202881.jpg,hispa,,,,,
202882.jpg,dead_heart,,,,,
202883.jpg,tungro,,,,,
202884.jpg,downy_mildew,,,,,
202885.jpg,downy_mildew,,,,,
202886.jpg,dead_heart,,,,,
202887.jpg,normal,,,,,
202888.jpg,downy_mildew,,,,,
202889.jpg,bacterial_leaf_blight,,,,,
202890.jpg,normal,,,,,
202891.jpg,tungro,,,,,
202892.jpg,normal,,,,,
202893.jpg,downy_mildew,,,,,
202894.jpg,normal,,,,,
202895.jpg,tungro,,,,,
202896.jpg,tungro,,,,,
202897.jpg,hispa,,,,,
202898.jpg,normal,,,,,
202899.jpg,dead_heart,,,,,
202900.jpg,normal,,,,,
202901.jpg,blast,,,,,
202902.jpg,tungro,,,,,
202903.jpg,hispa,,,,,
202904.jpg,hispa,,,,,
202905.jpg,hispa,,,,,
202906.jpg,hispa,,,,,
202907.jpg,brown_spot,,,,,
202908.jpg,normal,,,,,
202909.jpg,downy_mildew,,,,,
202910.jpg,downy_mildew,,,,,
202911.jpg,blast,,,,,
202912.jpg,downy_mildew,,,,,
202913.jpg,downy_mildew,,,,,
202914.jpg,downy_mildew,,,,,
202915.jpg,dead_heart,,,,,
202916.jpg,downy_mildew,,,,,
202917.jpg,blast,,,,,
202918.jpg,normal,,,,,
202919.jpg,normal,,,,,
202920.jpg,brown_spot,,,,,
202921.jpg,normal,,,,,
202922.jpg,downy_mildew,,,,,
202923.jpg,hispa,,,,,
202924.jpg,downy_mildew,,,,,
202925.jpg,dead_heart,,,,,
202926.jpg,downy_mildew,,,,,
202927.jpg,dead_heart,,,,,
202928.jpg,normal,,,,,
202929.jpg,downy_mildew,,,,,
202930.jpg,dead_heart,,,,,
202931.jpg,bacterial_leaf_blight,,,,,
202932.jpg,blast,,,,,
202933.jpg,normal,,,,,
202934.jpg,blast,,,,,
202935.jpg,downy_mildew,,,,,
202936.jpg,normal,,,,,
202937.jpg,downy_mildew,,,,,
202938.jpg,downy_mildew,,,,,
202939.jpg,downy_mildew,,,,,
202940.jpg,dead_heart,,,,,
202941.jpg,blast,,,,,
202942.jpg,downy_mildew,,,,,
202943.jpg,downy_mildew,,,,,
202944.jpg,hispa,,,,,
202945.jpg,normal,,,,,
202946.jpg,downy_mildew,,,,,
202947.jpg,bacterial_leaf_blight,,,,,
202948.jpg,hispa,,,,,
202949.jpg,brown_spot,,,,,
202950.jpg,normal,,,,,
202951.jpg,dead_heart,,,,,
202952.jpg,normal,,,,,
202953.jpg,blast,,,,,
202954.jpg,downy_mildew,,,,,
202955.jpg,downy_mildew,,,,,
202956.jpg,hispa,,,,,
202957.jpg,downy_mildew,,,,,
202958.jpg,downy_mildew,,,,,
202959.jpg,normal,,,,,
202960.jpg,tungro,,,,,
202961.jpg,downy_mildew,,,,,
202962.jpg,downy_mildew,,,,,
202963.jpg,bacterial_leaf_blight,,,,,
202964.jpg,normal,,,,,
202965.jpg,normal,,,,,
202966.jpg,normal,,,,,
202967.jpg,blast,,,,,
202968.jpg,downy_mildew,,,,,
202969.jpg,downy_mildew,,,,,
202970.jpg,downy_mildew,,,,,
202971.jpg,dead_heart,,,,,
202972.jpg,downy_mildew,,,,,
202973.jpg,downy_mildew,,,,,
202974.jpg,downy_mildew,,,,,
202975.jpg,downy_mildew,,,,,
202976.jpg,downy_mildew,,,,,
202977.jpg,normal,,,,,
202978.jpg,dead_heart,,,,,
202979.jpg,tungro,,,,,
202980.jpg,normal,,,,,
202981.jpg,dead_heart,,,,,
202982.jpg,downy_mildew,,,,,
202983.jpg,brown_spot,,,,,
202984.jpg,brown_spot,,,,,
202985.jpg,downy_mildew,,,,,
202986.jpg,hispa,,,,,
202987.jpg,normal,,,,,
202988.jpg,dead_heart,,,,,
202989.jpg,downy_mildew,,,,,
202990.jpg,downy_mildew,,,,,
202991.jpg,normal,,,,,
202992.jpg,dead_heart,,,,,
202993.jpg,downy_mildew,,,,,
202994.jpg,downy_mildew,,,,,
202995.jpg,downy_mildew,,,,,
202996.jpg,downy_mildew,,,,,
202997.jpg,downy_mildew,,,,,
202998.jpg,dead_heart,,,,,
202999.jpg,downy_mildew,,,,,
203000.jpg,blast,,,,,
203001.jpg,dead_heart,,,,,
203002.jpg,normal,,,,,
203003.jpg,downy_mildew,,,,,
203004.jpg,downy_mildew,,,,,
203005.jpg,dead_heart,,,,,
203006.jpg,tungro,,,,,
203007.jpg,downy_mildew,,,,,
203008.jpg,normal,,,,,
203009.jpg,hispa,,,,,
203010.jpg,brown_spot,,,,,
203011.jpg,downy_mildew,,,,,
203012.jpg,blast,,,,,
203013.jpg,hispa,,,,,
203014.jpg,downy_mildew,,,,,
203015.jpg,dead_heart,,,,,
203016.jpg,downy_mildew,,,,,
203017.jpg,tungro,,,,,
203018.jpg,downy_mildew,,,,,
203019.jpg,downy_mildew,,,,,
203020.jpg,brown_spot,,,,,
203021.jpg,hispa,,,,,
203022.jpg,normal,,,,,
203023.jpg,bacterial_leaf_blight,,,,,
203024.jpg,downy_mildew,,,,,
203025.jpg,bacterial_leaf_blight,,,,,
203026.jpg,normal,,,,,
203027.jpg,blast,,,,,
203028.jpg,downy_mildew,,,,,
203029.jpg,downy_mildew,,,,,
203030.jpg,blast,,,,,
203031.jpg,normal,,,,,
203032.jpg,downy_mildew,,,,,
203033.jpg,normal,,,,,
203034.jpg,downy_mildew,,,,,
203035.jpg,downy_mildew,,,,,
203036.jpg,downy_mildew,,,,,
203037.jpg,downy_mildew,,,,,
203038.jpg,dead_heart,,,,,
203039.jpg,downy_mildew,,,,,
203040.jpg,downy_mildew,,,,,
203041.jpg,downy_mildew,,,,,
203042.jpg,downy_mildew,,,,,
203043.jpg,downy_mildew,,,,,
203044.jpg,downy_mildew,,,,,
203045.jpg,downy_mildew,,,,,
203046.jpg,blast,,,,,
203047.jpg,normal,,,,,
203048.jpg,downy_mildew,,,,,
203049.jpg,tungro,,,,,
203050.jpg,hispa,,,,,
203051.jpg,normal,,,,,
203052.jpg,downy_mildew,,,,,
203053.jpg,downy_mildew,,,,,
203054.jpg,normal,,,,,
203055.jpg,dead_heart,,,,,
203056.jpg,hispa,,,,,
203057.jpg,normal,,,,,
203058.jpg,normal,,,,,
203059.jpg,blast,,,,,
203060.jpg,normal,,,,,
203061.jpg,downy_mildew,,,,,
203062.jpg,hispa,,,,,
203063.jpg,normal,,,,,
203064.jpg,downy_mildew,,,,,
203065.jpg,downy_mildew,,,,,
203066.jpg,downy_mildew,,,,,
203067.jpg,downy_mildew,,,,,
203068.jpg,normal,,,,,
203069.jpg,normal,,,,,
203070.jpg,tungro,,,,,
203071.jpg,dead_heart,,,,,
203072.jpg,downy_mildew,,,,,
203073.jpg,downy_mildew,,,,,
203074.jpg,downy_mildew,,,,,
203075.jpg,normal,,,,,
203076.jpg,brown_spot,,,,,
203077.jpg,normal,,,,,
203078.jpg,downy_mildew,,,,,
203079.jpg,hispa,,,,,
203080.jpg,normal,,,,,
203081.jpg,downy_mildew,,,,,
203082.jpg,normal,,,,,
203083.jpg,downy_mildew,,,,,
203084.jpg,downy_mildew,,,,,
203085.jpg,downy_mildew,,,,,
203086.jpg,normal,,,,,
203087.jpg,downy_mildew,,,,,
203088.jpg,blast,,,,,
203089.jpg,downy_mildew,,,,,
203090.jpg,normal,,,,,
203091.jpg,dead_heart,,,,,
203092.jpg,normal,,,,,
203093.jpg,downy_mildew,,,,,
203094.jpg,hispa,,,,,
203095.jpg,hispa,,,,,
203096.jpg,downy_mildew,,,,,
203097.jpg,blast,,,,,
203098.jpg,downy_mildew,,,,,
203099.jpg,brown_spot,,,,,
203100.jpg,downy_mildew,,,,,
203101.jpg,normal,,,,,
203102.jpg,downy_mildew,,,,,
203103.jpg,downy_mildew,,,,,
203104.jpg,dead_heart,,,,,
203105.jpg,downy_mildew,,,,,
203106.jpg,downy_mildew,,,,,
203107.jpg,bacterial_panicle_blight,,,,,
203108.jpg,downy_mildew,,,,,
203109.jpg,downy_mildew,,,,,
203110.jpg,downy_mildew,,,,,
203111.jpg,downy_mildew,,,,,
203112.jpg,downy_mildew,,,,,
203113.jpg,hispa,,,,,
203114.jpg,downy_mildew,,,,,
203115.jpg,downy_mildew,,,,,
203116.jpg,tungro,,,,,
203117.jpg,downy_mildew,,,,,
203118.jpg,tungro,,,,,
203119.jpg,dead_heart,,,,,
203120.jpg,dead_heart,,,,,
203121.jpg,downy_mildew,,,,,
203122.jpg,bacterial_panicle_blight,,,,,
203123.jpg,normal,,,,,
203124.jpg,downy_mildew,,,,,
203125.jpg,hispa,,,,,
203126.jpg,normal,,,,,
203127.jpg,downy_mildew,,,,,
203128.jpg,downy_mildew,,,,,
203129.jpg,normal,,,,,
203130.jpg,downy_mildew,,,,,
203131.jpg,downy_mildew,,,,,
203132.jpg,brown_spot,,,,,
203133.jpg,downy_mildew,,,,,
203134.jpg,brown_spot,,,,,
203135.jpg,dead_heart,,,,,
203136.jpg,downy_mildew,,,,,
203137.jpg,tungro,,,,,
203138.jpg,downy_mildew,,,,,
203139.jpg,downy_mildew,,,,,
203140.jpg,dead_heart,,,,,
203141.jpg,downy_mildew,,,,,
203142.jpg,downy_mildew,,,,,
203143.jpg,downy_mildew,,,,,
203144.jpg,normal,,,,,
203145.jpg,normal,,,,,
203146.jpg,downy_mildew,,,,,
203147.jpg,hispa,,,,,
203148.jpg,hispa,,,,,
203149.jpg,normal,,,,,
203150.jpg,hispa,,,,,
203151.jpg,brown_spot,,,,,
203152.jpg,downy_mildew,,,,,
203153.jpg,downy_mildew,,,,,
203154.jpg,normal,,,,,
203155.jpg,downy_mildew,,,,,
203156.jpg,brown_spot,,,,,
203157.jpg,normal,,,,,
203158.jpg,downy_mildew,,,,,
203159.jpg,downy_mildew,,,,,
203160.jpg,normal,,,,,
203161.jpg,normal,,,,,
203162.jpg,tungro,,,,,
203163.jpg,downy_mildew,,,,,
203164.jpg,downy_mildew,,,,,
203165.jpg,dead_heart,,,,,
203166.jpg,hispa,,,,,
203167.jpg,normal,,,,,
203168.jpg,downy_mildew,,,,,
203169.jpg,normal,,,,,
203170.jpg,downy_mildew,,,,,
203171.jpg,hispa,,,,,
203172.jpg,blast,,,,,
203173.jpg,blast,,,,,
203174.jpg,hispa,,,,,
203175.jpg,normal,,,,,
203176.jpg,downy_mildew,,,,,
203177.jpg,tungro,,,,,
203178.jpg,blast,,,,,
203179.jpg,dead_heart,,,,,
203180.jpg,hispa,,,,,
203181.jpg,hispa,,,,,
203182.jpg,normal,,,,,
203183.jpg,normal,,,,,
203184.jpg,brown_spot,,,,,
203185.jpg,downy_mildew,,,,,
203186.jpg,downy_mildew,,,,,
203187.jpg,normal,,,,,
203188.jpg,blast,,,,,
203189.jpg,tungro,,,,,
203190.jpg,downy_mildew,,,,,
203191.jpg,downy_mildew,,,,,
203192.jpg,downy_mildew,,,,,
203193.jpg,hispa,,,,,
203194.jpg,downy_mildew,,,,,
203195.jpg,dead_heart,,,,,
203196.jpg,brown_spot,,,,,
203197.jpg,dead_heart,,,,,
203198.jpg,normal,,,,,
203199.jpg,hispa,,,,,
203200.jpg,normal,,,,,
203201.jpg,brown_spot,,,,,
203202.jpg,tungro,,,,,
203203.jpg,bacterial_leaf_blight,,,,,
203204.jpg,normal,,,,,
203205.jpg,brown_spot,,,,,
203206.jpg,blast,,,,,
203207.jpg,brown_spot,,,,,
203208.jpg,normal,,,,,
203209.jpg,downy_mildew,,,,,
203210.jpg,downy_mildew,,,,,
203211.jpg,downy_mildew,,,,,
203212.jpg,downy_mildew,,,,,
203213.jpg,hispa,,,,,
203214.jpg,tungro,,,,,
203215.jpg,blast,,,,,
203216.jpg,hispa,,,,,
203217.jpg,downy_mildew,,,,,
203218.jpg,downy_mildew,,,,,
203219.jpg,dead_heart,,,,,
203220.jpg,normal,,,,,
203221.jpg,brown_spot,,,,,
203222.jpg,hispa,,,,,
203223.jpg,downy_mildew,,,,,
203224.jpg,blast,,,,,
203225.jpg,brown_spot,,,,,
203226.jpg,brown_spot,,,,,
203227.jpg,downy_mildew,,,,,
203228.jpg,normal,,,,,
203229.jpg,downy_mildew,,,,,
203230.jpg,downy_mildew,,,,,
203231.jpg,normal,,,,,
203232.jpg,brown_spot,,,,,
203233.jpg,hispa,,,,,
203234.jpg,normal,,,,,
203235.jpg,downy_mildew,,,,,
203236.jpg,dead_heart,,,,,
203237.jpg,hispa,,,,,
203238.jpg,normal,,,,,
203239.jpg,downy_mildew,,,,,
203240.jpg,dead_heart,,,,,
203241.jpg,downy_mildew,,,,,
203242.jpg,normal,,,,,
203243.jpg,downy_mildew,,,,,
203244.jpg,normal,,,,,
203245.jpg,normal,,,,,
203246.jpg,downy_mildew,,,,,
203247.jpg,downy_mildew,,,,,
203248.jpg,downy_mildew,,,,,
203249.jpg,bacterial_leaf_blight,,,,,
203250.jpg,tungro,,,,,
203251.jpg,downy_mildew,,,,,
203252.jpg,dead_heart,,,,,
203253.jpg,normal,,,,,
203254.jpg,blast,,,,,
203255.jpg,blast,,,,,
203256.jpg,normal,,,,,
203257.jpg,normal,,,,,
203258.jpg,bacterial_leaf_blight,,,,,
203259.jpg,tungro,,,,,
203260.jpg,hispa,,,,,
203261.jpg,downy_mildew,,,,,
203262.jpg,downy_mildew,,,,,
203263.jpg,blast,,,,,
203264.jpg,normal,,,,,
203265.jpg,tungro,,,,,
203266.jpg,hispa,,,,,
203267.jpg,hispa,,,,,
203268.jpg,downy_mildew,,,,,
203269.jpg,normal,,,,,
203270.jpg,normal,,,,,
203271.jpg,downy_mildew,,,,,
203272.jpg,normal,,,,,
203273.jpg,downy_mildew,,,,,
203274.jpg,downy_mildew,,,,,
203275.jpg,tungro,,,,,
203276.jpg,blast,,,,,
203277.jpg,downy_mildew,,,,,
203278.jpg,downy_mildew,,,,,
203279.jpg,downy_mildew,,,,,
203280.jpg,downy_mildew,,,,,
203281.jpg,downy_mildew,,,,,
203282.jpg,hispa,,,,,
203283.jpg,normal,,,,,
203284.jpg,normal,,,,,
203285.jpg,blast,,,,,
203286.jpg,downy_mildew,,,,,
203287.jpg,normal,,,,,
203288.jpg,downy_mildew,,,,,
203289.jpg,dead_heart,,,,,
203290.jpg,hispa,,,,,
203291.jpg,tungro,,,,,
203292.jpg,normal,,,,,
203293.jpg,brown_spot,,,,,
203294.jpg,hispa,,,,,
203295.jpg,downy_mildew,,,,,
203296.jpg,dead_heart,,,,,
203297.jpg,downy_mildew,,,,,
203298.jpg,tungro,,,,,
203299.jpg,downy_mildew,,,,,
203300.jpg,blast,,,,,
203301.jpg,normal,,,,,
203302.jpg,blast,,,,,
203303.jpg,downy_mildew,,,,,
203304.jpg,bacterial_leaf_blight,,,,,
203305.jpg,normal,,,,,
203306.jpg,hispa,,,,,
203307.jpg,downy_mildew,,,,,
203308.jpg,blast,,,,,
203309.jpg,downy_mildew,,,,,
203310.jpg,dead_heart,,,,,
203311.jpg,downy_mildew,,,,,
203312.jpg,normal,,,,,
203313.jpg,downy_mildew,,,,,
203314.jpg,downy_mildew,,,,,
203315.jpg,blast,,,,,
203316.jpg,hispa,,,,,
203317.jpg,dead_heart,,,,,
203318.jpg,downy_mildew,,,,,
203319.jpg,hispa,,,,,
203320.jpg,downy_mildew,,,,,
203321.jpg,downy_mildew,,,,,
203322.jpg,downy_mildew,,,,,
203323.jpg,downy_mildew,,,,,
203324.jpg,brown_spot,,,,,
203325.jpg,normal,,,,,
203326.jpg,hispa,,,,,
203327.jpg,downy_mildew,,,,,
203328.jpg,brown_spot,,,,,
203329.jpg,dead_heart,,,,,
203330.jpg,downy_mildew,,,,,
203331.jpg,downy_mildew,,,,,
203332.jpg,downy_mildew,,,,,
203333.jpg,bacterial_leaf_blight,,,,,
203334.jpg,normal,,,,,
203335.jpg,downy_mildew,,,,,
203336.jpg,normal,,,,,
203337.jpg,dead_heart,,,,,
203338.jpg,downy_mildew,,,,,
203339.jpg,downy_mildew,,,,,
203340.jpg,blast,,,,,
203341.jpg,dead_heart,,,,,
203342.jpg,tungro,,,,,
203343.jpg,dead_heart,,,,,
203344.jpg,downy_mildew,,,,,
203345.jpg,brown_spot,,,,,
203346.jpg,downy_mildew,,,,,
203347.jpg,downy_mildew,,,,,
203348.jpg,dead_heart,,,,,
203349.jpg,hispa,,,,,
203350.jpg,blast,,,,,
203351.jpg,tungro,,,,,
203352.jpg,blast,,,,,
203353.jpg,downy_mildew,,,,,
203354.jpg,downy_mildew,,,,,
203355.jpg,normal,,,,,
203356.jpg,downy_mildew,,,,,
203357.jpg,blast,,,,,
203358.jpg,brown_spot,,,,,
203359.jpg,bacterial_leaf_blight,,,,,
203360.jpg,tungro,,,,,
203361.jpg,hispa,,,,,
203362.jpg,normal,,,,,
203363.jpg,tungro,,,,,
203364.jpg,tungro,,,,,
203365.jpg,normal,,,,,
203366.jpg,dead_heart,,,,,
203367.jpg,hispa,,,,,
203368.jpg,hispa,,,,,
203369.jpg,dead_heart,,,,,
203370.jpg,downy_mildew,,,,,
203371.jpg,downy_mildew,,,,,
203372.jpg,hispa,,,,,
203373.jpg,downy_mildew,,,,,
203374.jpg,downy_mildew,,,,,
203375.jpg,downy_mildew,,,,,
203376.jpg,downy_mildew,,,,,
203377.jpg,normal,,,,,
203378.jpg,downy_mildew,,,,,
203379.jpg,dead_heart,,,,,
203380.jpg,blast,,,,,
203381.jpg,downy_mildew,,,,,
203382.jpg,downy_mildew,,,,,
203383.jpg,dead_heart,,,,,
203384.jpg,normal,,,,,
203385.jpg,blast,,,,,
203386.jpg,downy_mildew,,,,,
203387.jpg,hispa,,,,,
203388.jpg,normal,,,,,
203389.jpg,hispa,,,,,
203390.jpg,hispa,,,,,
203391.jpg,normal,,,,,
203392.jpg,blast,,,,,
203393.jpg,downy_mildew,,,,,
203394.jpg,downy_mildew,,,,,
203395.jpg,normal,,,,,
203396.jpg,normal,,,,,
203397.jpg,tungro,,,,,
203398.jpg,normal,,,,,
203399.jpg,downy_mildew,,,,,
203400.jpg,downy_mildew,,,,,
203401.jpg,downy_mildew,,,,,
203402.jpg,downy_mildew,,,,,
203403.jpg,normal,,,,,
203404.jpg,tungro,,,,,
203405.jpg,downy_mildew,,,,,
203406.jpg,downy_mildew,,,,,
203407.jpg,brown_spot,,,,,
203408.jpg,normal,,,,,
203409.jpg,brown_spot,,,,,
203410.jpg,downy_mildew,,,,,
203411.jpg,bacterial_leaf_blight,,,,,
203412.jpg,hispa,,,,,
203413.jpg,normal,,,,,
203414.jpg,tungro,,,,,
203415.jpg,downy_mildew,,,,,
203416.jpg,normal,,,,,
203417.jpg,normal,,,,,
203418.jpg,tungro,,,,,
203419.jpg,brown_spot,,,,,
203420.jpg,normal,,,,,
203421.jpg,normal,,,,,
203422.jpg,normal,,,,,
203423.jpg,blast,,,,,
203424.jpg,downy_mildew,,,,,
203425.jpg,normal,,,,,
203426.jpg,normal,,,,,
203427.jpg,downy_mildew,,,,,
203428.jpg,downy_mildew,,,,,
203429.jpg,hispa,,,,,
203430.jpg,downy_mildew,,,,,
203431.jpg,blast,,,,,
203432.jpg,normal,,,,,
203433.jpg,hispa,,,,,
203434.jpg,tungro,,,,,
203435.jpg,normal,,,,,
203436.jpg,normal,,,,,
203437.jpg,normal,,,,,
203438.jpg,downy_mildew,,,,,
203439.jpg,brown_spot,,,,,
203440.jpg,blast,,,,,
203441.jpg,downy_mildew,,,,,
203442.jpg,brown_spot,,,,,
203443.jpg,hispa,,,,,
203444.jpg,hispa,,,,,
203445.jpg,dead_heart,,,,,
203446.jpg,downy_mildew,,,,,
203447.jpg,normal,,,,,
203448.jpg,downy_mildew,,,,,
203449.jpg,normal,,,,,
203450.jpg,downy_mildew,,,,,
203451.jpg,downy_mildew,,,,,
203452.jpg,normal,,,,,
203453.jpg,downy_mildew,,,,,
203454.jpg,hispa,,,,,
203455.jpg,downy_mildew,,,,,
203456.jpg,normal,,,,,
203457.jpg,normal,,,,,
203458.jpg,blast,,,,,
203459.jpg,downy_mildew,,,,,
203460.jpg,normal,,,,,
203461.jpg,normal,,,,,
203462.jpg,tungro,,,,,
203463.jpg,downy_mildew,,,,,
203464.jpg,downy_mildew,,,,,
203465.jpg,bacterial_leaf_blight,,,,,
203466.jpg,normal,,,,,
203467.jpg,normal,,,,,
203468.jpg,downy_mildew,,,,,
203469.jpg,hispa,,,,,
